timestamp,open,high,low,close,volume,oi
2020-10-01 00:00:00+05:30,125.4,132.95,125.05,131.75,31031590,0
2020-10-05 00:00:00+05:30,132.4,135.2,129.65,131.0,14427100,0
2020-10-06 00:00:00+05:30,132.4,133.0,129.2,130.9,12242875,0
2020-10-07 00:00:00+05:30,130.6,130.7,125.25,126.75,17277620,0
2020-10-08 00:00:00+05:30,128.0,130.65,126.6,127.8,16935265,0
2020-10-09 00:00:00+05:30,126.7,130.0,126.05,128.2,17527455,0
2020-10-12 00:00:00+05:30,129.0,133.35,128.35,132.35,30896765,0
2020-10-13 00:00:00+05:30,132.6,133.55,129.65,130.35,14237305,0
2020-10-14 00:00:00+05:30,129.8,134.4,127.95,133.05,16828720,0
2020-10-15 00:00:00+05:30,134.0,134.8,125.65,126.45,15350730,0
2020-10-16 00:00:00+05:30,127.4,129.8,125.3,129.4,13772855,0
2020-10-19 00:00:00+05:30,129.45,133.0,128.85,131.55,12763050,0
2020-10-20 00:00:00+05:30,130.8,132.35,129.4,131.75,8549525,0
2020-10-21 00:00:00+05:30,132.6,136.6,129.5,133.2,31741005,0
2020-10-22 00:00:00+05:30,132.95,140.75,131.25,140.0,28176185,0
2020-10-23 00:00:00+05:30,140.85,143.6,139.85,142.0,21913825,0
2020-10-26 00:00:00+05:30,141.4,141.6,137.3,138.0,10113505,0
2020-10-27 00:00:00+05:30,138.0,149.75,136.65,147.45,40165905,0
2020-10-28 00:00:00+05:30,145.8,146.0,141.4,142.45,17774920,0
2020-10-29 00:00:00+05:30,140.0,141.15,136.45,139.8,14687575,0
2020-10-30 00:00:00+05:30,141.4,146.0,134.0,138.7,42892615,0
2020-11-02 00:00:00+05:30,138.8,153.15,138.8,150.8,58773715,0
2020-11-03 00:00:00+05:30,150.8,154.55,150.0,152.55,16268300,0
2020-11-04 00:00:00+05:30,152.2,158.6,150.4,157.8,22749125,0
2020-11-05 00:00:00+05:30,158.65,165.0,155.9,163.1,26335845,0
2020-11-06 00:00:00+05:30,163.2,172.4,160.6,169.3,34200000,0
2020-11-09 00:00:00+05:30,169.6,171.75,165.2,167.05,24006055,0
2020-11-10 00:00:00+05:30,168.0,174.55,166.2,171.55,23825835,0
2020-11-11 00:00:00+05:30,171.55,178.1,169.4,176.65,31631290,0
2020-11-12 00:00:00+05:30,175.4,175.55,167.65,172.25,20465145,0
2020-11-13 00:00:00+05:30,170.8,176.0,169.5,175.2,18289185,0
2020-11-14 00:00:00+05:30,176.4,176.85,172.4,174.45,1279465,0
2020-11-17 00:00:00+05:30,174.65,175.95,171.4,172.2,15728460,0
2020-11-18 00:00:00+05:30,171.4,186.2,169.75,185.05,35810375,0
2020-11-19 00:00:00+05:30,183.45,199.7,180.25,182.35,63358800,0
2020-11-20 00:00:00+05:30,183.6,190.0,180.85,186.8,43910455,0
2020-11-23 00:00:00+05:30,188.5,195.9,188.2,194.95,33172945,0
2020-11-24 00:00:00+05:30,196.55,207.9,194.8,205.85,39408005,0
2020-11-25 00:00:00+05:30,206.95,217.5,206.6,213.0,43692190,0
2020-11-26 00:00:00+05:30,211.85,212.0,204.5,210.35,25519515,0
2020-11-27 00:00:00+05:30,212.0,218.4,210.8,214.05,67609335,0
2020-12-01 00:00:00+05:30,216.0,216.0,203.75,204.7,19857690,0
2020-12-02 00:00:00+05:30,206.75,209.0,204.0,206.1,18406465,0
2020-12-03 00:00:00+05:30,208.0,211.8,205.65,206.75,16262005,0
2020-12-04 00:00:00+05:30,208.2,209.05,197.25,200.6,25299565,0
2020-12-07 00:00:00+05:30,202.2,217.4,202.0,212.7,34630940,0
2020-12-08 00:00:00+05:30,215.0,216.05,209.15,213.35,20765030,0
2020-12-09 00:00:00+05:30,214.4,215.65,209.8,212.45,12326970,0
2020-12-10 00:00:00+05:30,210.4,212.4,205.0,209.95,13328860,0
2020-12-11 00:00:00+05:30,212.0,215.0,207.0,208.65,17879175,0
2020-12-14 00:00:00+05:30,212.0,214.75,209.3,214.0,14980145,0
2020-12-15 00:00:00+05:30,214.4,220.35,210.7,218.5,18580105,0
2020-12-16 00:00:00+05:30,220.55,221.6,213.0,214.6,17984290,0
2020-12-17 00:00:00+05:30,214.4,215.2,210.3,211.3,10168720,0
2020-12-18 00:00:00+05:30,211.4,212.35,203.2,205.55,17274385,0
2020-12-21 00:00:00+05:30,206.0,206.2,188.9,193.35,18966675,0
2020-12-22 00:00:00+05:30,193.8,195.25,183.6,187.6,22851915,0
2020-12-23 00:00:00+05:30,187.55,194.0,185.4,192.35,22133360,0
2020-12-24 00:00:00+05:30,194.85,205.9,194.0,199.3,33020905,0
2020-12-28 00:00:00+05:30,200.95,205.95,199.65,203.2,21567085,0
2020-12-29 00:00:00+05:30,205.55,209.9,204.4,207.0,20672180,0
2020-12-30 00:00:00+05:30,208.6,211.0,206.5,207.8,20204065,0
2020-12-31 00:00:00+05:30,208.6,210.2,206.6,209.3,11010990,0
2021-01-01 00:00:00+05:30,209.6,215.4,209.3,214.15,12981435,0
2021-01-04 00:00:00+05:30,216.8,217.6,212.7,215.35,11008350,0
2021-01-05 00:00:00+05:30,214.0,223.9,211.75,222.85,15930660,0
2021-01-06 00:00:00+05:30,223.6,241.7,223.3,239.45,44538525,0
2021-01-07 00:00:00+05:30,240.0,263.4,239.6,261.35,45813230,0
2021-01-08 00:00:00+05:30,261.25,262.65,253.0,259.15,31324270,0
2021-01-11 00:00:00+05:30,260.9,262.9,248.2,250.35,15045560,0
2021-01-12 00:00:00+05:30,249.0,262.0,246.05,252.5,24395200,0
2021-01-13 00:00:00+05:30,254.8,256.15,235.5,243.35,26536710,0
2021-01-14 00:00:00+05:30,244.0,248.8,236.85,243.7,21198275,0
2021-01-15 00:00:00+05:30,243.8,250.5,238.25,240.9,17385480,0
2021-01-18 00:00:00+05:30,242.0,242.55,232.85,234.75,14423695,0
2021-01-19 00:00:00+05:30,236.6,248.7,235.0,245.65,21867515,0
2021-01-20 00:00:00+05:30,245.95,252.4,244.1,249.55,17042230,0
2021-01-21 00:00:00+05:30,251.15,255.25,238.85,241.3,16461875,0
2021-01-22 00:00:00+05:30,242.4,244.85,228.4,230.15,18964880,0
2021-01-25 00:00:00+05:30,237.6,252.95,237.6,240.2,36180365,0
2021-01-27 00:00:00+05:30,235.95,236.0,226.4,230.2,19598860,0
2021-01-28 00:00:00+05:30,220.8,230.55,219.5,222.2,24702255,0
2021-01-29 00:00:00+05:30,237.8,263.8,233.6,258.25,90681265,0
2021-02-01 00:00:00+05:30,256.5,268.95,253.25,266.4,30395260,0
2021-02-02 00:00:00+05:30,272.0,286.0,269.35,273.35,30730610,0
2021-02-03 00:00:00+05:30,274.2,295.25,271.4,293.05,28518195,0
2021-02-04 00:00:00+05:30,290.05,290.95,279.0,284.15,21005115,0
2021-02-05 00:00:00+05:30,285.8,294.2,274.4,276.9,16549455,0
2021-02-08 00:00:00+05:30,283.0,295.8,281.55,283.9,18317310,0
2021-02-09 00:00:00+05:30,286.0,288.75,278.0,282.6,11093915,0
2021-02-10 00:00:00+05:30,280.2,291.2,278.15,285.6,19081675,0
2021-02-11 00:00:00+05:30,284.0,289.6,281.65,288.25,8878860,0
2021-02-12 00:00:00+05:30,285.0,292.25,284.0,287.65,11134020,0
2021-02-15 00:00:00+05:30,290.0,307.0,289.0,302.65,24556900,0
2021-02-16 00:00:00+05:30,301.6,303.8,292.3,295.55,11625195,0
2021-02-17 00:00:00+05:30,296.8,301.75,289.65,291.95,13152705,0
2021-02-18 00:00:00+05:30,292.0,295.6,285.65,287.75,9516035,0
2021-02-19 00:00:00+05:30,286.55,289.2,276.2,280.9,10103260,0
2021-02-22 00:00:00+05:30,282.8,285.0,269.6,272.05,12281580,0
2021-02-23 00:00:00+05:30,274.0,279.0,267.25,275.5,10273085,0
2021-02-24 00:00:00+05:30,275.6,281.2,274.0,275.6,5331875,0
2021-02-25 00:00:00+05:30,278.4,280.95,274.3,276.05,10532480,0
2021-02-26 00:00:00+05:30,269.8,269.8,254.0,256.6,21843070,0
2021-03-01 00:00:00+05:30,261.0,269.15,260.65,266.7,9162830,0
2021-03-02 00:00:00+05:30,269.3,275.2,266.2,270.1,8570450,0
2021-03-03 00:00:00+05:30,273.0,275.8,266.25,272.45,9383425,0
2021-03-04 00:00:00+05:30,269.4,274.35,266.2,267.85,8576470,0
2021-03-05 00:00:00+05:30,265.8,267.15,254.4,257.85,11926800,0
2021-03-08 00:00:00+05:30,261.35,267.4,251.0,253.15,19094895,0
2021-03-09 00:00:00+05:30,256.0,260.35,251.0,254.05,10348870,0
2021-03-10 00:00:00+05:30,258.25,265.95,258.0,263.1,15206235,0
2021-03-12 00:00:00+05:30,268.2,268.4,262.1,265.1,12544700,0
2021-03-15 00:00:00+05:30,267.6,268.35,247.65,255.3,18506180,0
2021-03-16 00:00:00+05:30,257.8,266.35,256.1,264.6,12723425,0
2021-03-17 00:00:00+05:30,265.6,265.8,258.0,264.3,11266530,0
2021-03-18 00:00:00+05:30,267.6,273.55,260.6,265.15,14562505,0
2021-03-19 00:00:00+05:30,262.55,275.9,260.1,274.8,14402385,0
2021-03-22 00:00:00+05:30,273.8,278.0,269.4,276.3,9335185,0
2021-03-23 00:00:00+05:30,279.8,286.8,278.3,281.25,14529820,0
2021-03-24 00:00:00+05:30,282.6,285.4,274.55,280.35,10501700,0
2021-03-25 00:00:00+05:30,281.4,281.5,270.3,274.4,10425355,0
2021-03-26 00:00:00+05:30,276.0,294.3,276.0,285.85,18748345,0
2021-03-30 00:00:00+05:30,288.7,289.0,282.2,284.1,11174055,0
2021-03-31 00:00:00+05:30,284.6,288.65,282.9,284.45,8632980,0
2021-04-01 00:00:00+05:30,289.0,295.8,285.1,294.55,12254460,0
2021-04-05 00:00:00+05:30,293.0,295.65,278.1,284.05,10865445,0
2021-04-06 00:00:00+05:30,286.4,291.8,283.0,287.85,9011680,0
2021-04-07 00:00:00+05:30,288.0,300.5,282.65,297.1,14184300,0
2021-04-08 00:00:00+05:30,298.0,302.0,294.65,298.85,11186950,0
2021-04-09 00:00:00+05:30,297.8,299.35,291.0,293.9,10218235,0
2021-04-12 00:00:00+05:30,282.0,283.2,258.6,260.2,24289800,0
2021-04-13 00:00:00+05:30,263.0,279.7,262.2,276.45,21252365,0
2021-04-15 00:00:00+05:30,275.0,277.65,262.2,276.15,17951785,0
2021-04-16 00:00:00+05:30,275.05,279.0,273.1,275.6,12006190,0
2021-04-19 00:00:00+05:30,260.4,270.65,257.45,268.55,14272335,0
2021-04-20 00:00:00+05:30,275.8,277.2,264.5,269.0,12498725,0
2021-04-22 00:00:00+05:30,263.6,266.4,258.25,265.25,19593930,0
2021-04-23 00:00:00+05:30,263.0,277.55,262.3,276.15,17606370,0
2021-04-26 00:00:00+05:30,275.8,275.9,265.3,267.8,13382655,0
2021-04-27 00:00:00+05:30,270.9,271.55,263.8,265.0,8343800,0
2021-04-28 00:00:00+05:30,265.6,282.95,265.0,280.95,17059815,0
2021-04-29 00:00:00+05:30,284.2,286.9,278.0,283.25,14470055,0
2021-04-30 00:00:00+05:30,286.0,289.0,267.15,269.0,20775365,0
2021-05-03 00:00:00+05:30,266.8,266.9,255.15,259.75,14320405,0
2021-05-04 00:00:00+05:30,265.0,269.85,257.1,258.25,13762810,0
2021-05-05 00:00:00+05:30,262.0,262.0,254.4,257.4,12337230,0
2021-05-06 00:00:00+05:30,259.2,263.4,254.6,262.3,11816670,0
2021-05-07 00:00:00+05:30,263.0,264.6,258.5,259.55,6920815,0
2021-05-10 00:00:00+05:30,259.8,268.2,259.25,266.55,9092755,0
2021-05-11 00:00:00+05:30,264.8,269.7,262.5,268.5,7293410,0
2021-05-12 00:00:00+05:30,269.0,271.2,265.75,268.8,7632385,0
2021-05-14 00:00:00+05:30,269.2,274.4,264.8,265.3,9702620,0
2021-05-17 00:00:00+05:30,265.9,279.6,264.05,277.8,9550025,0
2021-05-18 00:00:00+05:30,281.0,293.0,281.0,290.05,15594255,0
2021-05-19 00:00:00+05:30,287.6,291.95,281.0,282.25,6901040,0
2021-05-20 00:00:00+05:30,283.0,285.7,279.2,283.2,6123645,0
2021-05-21 00:00:00+05:30,286.6,297.6,284.0,295.75,11258915,0
2021-05-24 00:00:00+05:30,295.2,296.6,289.4,291.85,6487950,0
2021-05-25 00:00:00+05:30,293.0,295.3,285.45,286.85,5680010,0
2021-05-26 00:00:00+05:30,287.6,291.15,285.7,286.55,6131915,0
2021-05-27 00:00:00+05:30,287.1,289.95,283.0,288.3,8648350,0
2021-05-28 00:00:00+05:30,289.5,302.9,289.2,291.0,17020950,0
2021-05-31 00:00:00+05:30,293.2,293.2,283.8,285.95,7634365,0
2021-06-01 00:00:00+05:30,287.0,287.05,277.65,282.25,9322935,0
2021-06-02 00:00:00+05:30,280.0,287.3,278.0,286.0,6900620,0
2021-06-03 00:00:00+05:30,287.0,289.2,282.0,283.55,5219995,0
2021-06-04 00:00:00+05:30,285.0,287.0,281.55,284.65,6313570,0
2021-06-07 00:00:00+05:30,284.5,302.9,282.35,297.5,23267725,0
2021-06-08 00:00:00+05:30,301.2,305.9,294.3,297.8,20367070,0
2021-06-09 00:00:00+05:30,297.0,297.8,284.8,287.4,16223270,0
2021-06-10 00:00:00+05:30,288.0,295.0,286.65,294.0,9991650,0
2021-06-11 00:00:00+05:30,294.4,298.8,292.0,295.05,8790865,0
2021-06-14 00:00:00+05:30,294.0,296.8,285.4,295.4,8612805,0
2021-06-15 00:00:00+05:30,295.0,295.0,288.5,290.15,11778790,0
2021-06-16 00:00:00+05:30,291.3,292.8,285.25,286.75,9827690,0
2021-06-17 00:00:00+05:30,280.4,287.4,278.6,282.3,12356210,0
2021-06-18 00:00:00+05:30,284.8,284.8,268.8,276.0,14779290,0
2021-06-21 00:00:00+05:30,271.0,278.0,267.65,276.6,7416025,0
2021-06-22 00:00:00+05:30,278.0,280.4,272.2,274.35,7917570,0
2021-06-23 00:00:00+05:30,275.0,277.2,272.25,273.35,4924915,0
2021-06-24 00:00:00+05:30,274.2,275.2,270.7,272.8,4667625,0
2021-06-25 00:00:00+05:30,272.8,275.6,271.15,273.6,6516880,0
2021-06-28 00:00:00+05:30,276.4,277.8,272.5,274.5,4102820,0
2021-06-29 00:00:00+05:30,274.5,279.2,269.65,271.55,5875000,0
2021-06-30 00:00:00+05:30,273.0,274.55,267.4,268.55,6968565,0
2021-07-01 00:00:00+05:30,269.95,273.05,266.0,271.1,5444075,0
2021-07-02 00:00:00+05:30,271.9,274.5,269.2,272.45,4228550,0
2021-07-05 00:00:00+05:30,273.0,275.6,272.5,274.9,2911235,0
2021-07-06 00:00:00+05:30,275.1,286.95,275.1,282.75,12255020,0
2021-07-07 00:00:00+05:30,284.0,290.0,282.45,288.85,7910955,0
2021-07-08 00:00:00+05:30,289.05,289.4,284.45,286.3,6176635,0
2021-07-09 00:00:00+05:30,285.8,292.0,283.6,291.15,5637260,0
2021-07-12 00:00:00+05:30,292.8,293.55,289.4,290.5,4330990,0
2021-07-13 00:00:00+05:30,293.0,293.0,284.6,286.35,5529040,0
2021-07-14 00:00:00+05:30,287.0,287.35,283.0,284.2,6477460,0
2021-07-15 00:00:00+05:30,285.0,293.0,283.25,291.6,7322970,0
2021-07-16 00:00:00+05:30,292.0,294.1,288.8,289.85,3058730,0
2021-07-19 00:00:00+05:30,285.0,288.0,276.4,277.95,8523350,0
2021-07-20 00:00:00+05:30,279.6,282.0,270.2,279.2,6350305,0
2021-07-22 00:00:00+05:30,279.8,280.5,274.0,279.05,8748020,0
2021-07-23 00:00:00+05:30,279.4,281.4,273.8,277.1,5276030,0
2021-07-26 00:00:00+05:30,276.95,281.0,265.15,274.1,4858020,0
2021-07-27 00:00:00+05:30,275.8,282.4,270.5,273.15,8150250,0
2021-07-28 00:00:00+05:30,275.1,275.6,270.0,274.6,6667670,0
2021-07-29 00:00:00+05:30,272.8,276.7,270.8,274.2,3888435,0
2021-07-30 00:00:00+05:30,275.6,282.0,272.0,278.0,7132000,0
2021-08-02 00:00:00+05:30,279.2,286.0,267.15,275.15,16937480,0
2021-08-03 00:00:00+05:30,275.5,277.6,266.6,267.65,10852865,0
2021-08-04 00:00:00+05:30,270.0,271.75,263.0,264.3,12098915,0
2021-08-05 00:00:00+05:30,264.45,267.55,262.05,266.4,7443930,0
2021-08-06 00:00:00+05:30,266.6,268.8,262.5,263.2,6201995,0
2021-08-09 00:00:00+05:30,264.0,264.1,259.0,260.55,5444400,0
2021-08-10 00:00:00+05:30,262.45,262.45,254.05,255.1,6656495,0
2021-08-11 00:00:00+05:30,255.4,259.6,248.75,259.0,7777460,0
2021-08-12 00:00:00+05:30,260.3,263.9,257.45,261.9,4144010,0
2021-08-13 00:00:00+05:30,262.2,262.95,257.65,259.0,4393670,0
2021-08-16 00:00:00+05:30,258.2,261.0,256.35,259.35,4215450,0
2021-08-17 00:00:00+05:30,259.35,259.4,253.0,256.05,5186305,0
2021-08-18 00:00:00+05:30,257.6,260.95,255.3,258.75,4998005,0
2021-08-20 00:00:00+05:30,256.0,257.2,250.0,250.9,4362450,0
2021-08-23 00:00:00+05:30,255.1,255.1,243.2,249.15,5190075,0
2021-08-24 00:00:00+05:30,248.0,256.4,246.25,255.9,4803725,0
2021-08-25 00:00:00+05:30,256.2,259.05,251.9,253.45,5152555,0
2021-08-26 00:00:00+05:30,255.2,259.45,251.4,253.1,6567660,0
2021-08-27 00:00:00+05:30,254.0,258.2,251.55,256.3,3930010,0
2021-08-30 00:00:00+05:30,258.8,267.85,256.65,267.0,7071320,0
2021-08-31 00:00:00+05:30,267.0,271.4,264.1,270.55,7881915,0
2021-09-01 00:00:00+05:30,270.5,271.05,264.55,266.0,6179385,0
2021-09-02 00:00:00+05:30,266.4,269.8,265.3,268.6,3818570,0
2021-09-03 00:00:00+05:30,269.8,277.7,266.6,270.0,8012625,0
2021-09-06 00:00:00+05:30,271.2,275.4,268.0,269.3,3295350,0
2021-09-07 00:00:00+05:30,269.5,273.8,265.2,268.95,6181705,0
2021-09-08 00:00:00+05:30,268.8,276.3,267.65,273.0,8546425,0
2021-09-09 00:00:00+05:30,272.6,272.6,267.1,269.65,3792220,0
2021-09-13 00:00:00+05:30,269.2,269.65,262.15,268.35,3625345,0
2021-09-14 00:00:00+05:30,269.6,274.2,268.85,270.55,3353550,0
2021-09-15 00:00:00+05:30,270.8,275.85,268.4,273.35,5161840,0
2021-09-16 00:00:00+05:30,273.35,282.4,272.6,281.3,10142820,0
2021-09-17 00:00:00+05:30,284.0,285.2,271.1,272.15,9870725,0
2021-09-20 00:00:00+05:30,270.0,274.3,262.15,264.0,4788450,0
2021-09-21 00:00:00+05:30,266.0,267.2,257.15,264.75,4585140,0
2021-09-22 00:00:00+05:30,265.4,270.8,265.4,269.3,3449740,0
2021-09-23 00:00:00+05:30,270.0,277.0,269.3,276.6,5925930,0
2021-09-24 00:00:00+05:30,279.0,281.35,270.2,271.15,5655830,0
2021-09-27 00:00:00+05:30,271.9,272.5,262.8,264.85,5489955,0
2021-09-28 00:00:00+05:30,267.0,269.15,258.5,262.65,4231635,0
2021-09-29 00:00:00+05:30,260.0,262.25,257.2,260.05,4532205,0
2021-09-30 00:00:00+05:30,260.4,265.4,258.6,259.75,7981880,0
2021-10-01 00:00:00+05:30,258.75,259.9,254.65,258.9,4632325,0
2021-10-04 00:00:00+05:30,260.3,270.8,259.2,270.15,6773440,0
2021-10-05 00:00:00+05:30,268.0,271.5,264.85,267.05,4110305,0
2021-10-06 00:00:00+05:30,268.65,268.9,259.7,260.65,3570155,0
2021-10-07 00:00:00+05:30,264.65,269.3,263.15,268.65,3739840,0
2021-10-08 00:00:00+05:30,268.65,270.7,264.7,266.2,2327330,0
2021-10-11 00:00:00+05:30,267.2,268.4,265.2,267.0,2474965,0
2021-10-12 00:00:00+05:30,267.4,268.4,264.0,264.95,2928570,0
2021-10-13 00:00:00+05:30,267.6,274.95,265.2,273.3,7442435,0
2021-10-14 00:00:00+05:30,275.7,279.8,271.35,276.7,8878410,0
2021-10-18 00:00:00+05:30,280.75,283.35,276.05,279.05,5899405,0
2021-10-19 00:00:00+05:30,280.05,291.6,276.75,285.5,14910045,0
2021-10-20 00:00:00+05:30,287.55,294.95,281.35,287.75,10061990,0
2021-10-21 00:00:00+05:30,290.3,300.0,288.25,298.15,11697925,0
2021-10-22 00:00:00+05:30,299.8,311.75,297.05,303.7,19446090,0
2021-10-25 00:00:00+05:30,308.05,308.05,295.7,303.4,8858895,0
2021-10-26 00:00:00+05:30,300.0,317.6,299.3,305.2,9988515,0
2021-10-27 00:00:00+05:30,307.8,311.6,303.4,305.65,4678970,0
2021-10-28 00:00:00+05:30,305.6,305.6,293.9,297.75,5604320,0
2021-10-29 00:00:00+05:30,300.0,300.0,285.0,287.25,6972315,0
2021-11-01 00:00:00+05:30,291.0,291.0,277.85,286.15,8517215,0
2021-11-02 00:00:00+05:30,288.0,324.95,286.45,315.25,16632400,0
2021-11-03 00:00:00+05:30,315.8,328.75,311.75,320.55,15816895,0
2021-11-04 00:00:00+05:30,322.0,325.2,321.6,323.45,1071505,0
2021-11-08 00:00:00+05:30,325.05,334.0,324.2,332.95,8351745,0
2021-11-09 00:00:00+05:30,335.35,339.3,316.2,323.2,12628955,0
2021-11-10 00:00:00+05:30,323.2,328.6,319.9,326.25,6427920,0
2021-11-11 00:00:00+05:30,326.25,328.6,320.25,327.25,5065025,0
2021-11-12 00:00:00+05:30,329.4,329.8,323.2,324.5,5511415,0
2021-11-15 00:00:00+05:30,324.0,325.2,315.55,323.3,3522305,0
2021-11-16 00:00:00+05:30,323.55,332.6,321.6,327.8,5549900,0
2021-11-17 00:00:00+05:30,325.6,330.0,322.1,326.15,3780655,0
2021-11-18 00:00:00+05:30,326.4,328.9,317.05,320.3,4825755,0
2021-11-22 00:00:00+05:30,321.9,321.95,309.65,312.35,5279665,0
2021-11-23 00:00:00+05:30,309.2,320.65,308.75,317.6,3311240,0
2021-11-24 00:00:00+05:30,317.75,320.2,314.0,317.4,2310765,0
2021-11-25 00:00:00+05:30,318.0,318.0,306.0,314.2,4290100,0
2021-11-26 00:00:00+05:30,308.4,311.4,286.9,289.35,6705735,0
2021-11-29 00:00:00+05:30,286.7,289.0,277.7,280.65,4893890,0
2021-11-30 00:00:00+05:30,280.6,289.3,279.1,281.35,8840830,0
2021-12-01 00:00:00+05:30,286.0,289.8,279.95,288.75,5539860,0
2021-12-02 00:00:00+05:30,288.0,292.0,285.25,289.8,3870920,0
2021-12-03 00:00:00+05:30,289.35,295.8,287.75,289.45,3863635,0
2021-12-06 00:00:00+05:30,290.0,295.0,288.4,290.05,2886375,0
2021-12-07 00:00:00+05:30,292.6,295.25,288.35,292.7,3802710,0
2021-12-08 00:00:00+05:30,294.0,299.35,292.8,298.45,4314475,0
2021-12-09 00:00:00+05:30,300.0,301.9,297.35,298.8,2145005,0
2021-12-10 00:00:00+05:30,300.0,303.4,295.1,300.85,2745385,0
2021-12-13 00:00:00+05:30,304.0,306.35,281.8,295.15,9169260,0
2021-12-14 00:00:00+05:30,292.2,292.75,274.0,276.8,9079580,0
2021-12-15 00:00:00+05:30,277.2,278.15,270.0,271.55,4271675,0
2021-12-16 00:00:00+05:30,274.3,276.55,265.2,266.35,6199315,0
2021-12-17 00:00:00+05:30,265.0,266.75,253.15,254.75,5310545,0
2021-12-20 00:00:00+05:30,250.0,252.7,231.75,240.1,8903280,0
2021-12-21 00:00:00+05:30,245.0,245.0,233.2,234.75,6125145,0
2021-12-22 00:00:00+05:30,236.4,238.4,231.45,234.5,4092265,0
2021-12-23 00:00:00+05:30,236.4,244.0,235.75,242.05,6141175,0
2021-12-24 00:00:00+05:30,244.0,244.0,233.15,235.5,5577935,0
2021-12-27 00:00:00+05:30,235.5,245.6,234.25,243.75,8997655,0
2021-12-28 00:00:00+05:30,245.0,249.35,241.0,242.35,4005800,0
2021-12-29 00:00:00+05:30,243.25,245.0,240.45,242.35,5363660,0
2021-12-30 00:00:00+05:30,242.4,243.0,237.0,239.65,4008980,0
2021-12-31 00:00:00+05:30,240.95,246.3,240.4,243.4,5290815,0
2022-01-03 00:00:00+05:30,244.35,251.65,243.5,250.15,2860025,0
2022-01-04 00:00:00+05:30,251.4,255.25,246.25,250.6,6387390,0
2022-01-05 00:00:00+05:30,250.6,255.35,249.0,249.95,4206620,0
2022-01-06 00:00:00+05:30,249.8,249.8,241.8,243.25,4892065,0
2022-01-07 00:00:00+05:30,243.25,246.25,240.8,243.1,4311580,0
2022-01-10 00:00:00+05:30,244.0,248.6,241.65,244.6,4850740,0
2022-01-11 00:00:00+05:30,244.5,246.35,241.6,244.7,3000215,0
2022-01-12 00:00:00+05:30,245.2,249.8,244.8,249.05,6283615,0
2022-01-13 00:00:00+05:30,250.75,251.4,246.8,249.5,3167295,0
2022-01-14 00:00:00+05:30,248.1,252.95,245.8,248.05,4270915,0
2022-01-17 00:00:00+05:30,248.4,251.0,247.4,247.8,2446195,0
2022-01-18 00:00:00+05:30,247.0,253.4,237.25,240.8,7134135,0
2022-01-19 00:00:00+05:30,241.0,241.3,234.2,239.05,5312500,0
2022-01-20 00:00:00+05:30,239.6,246.85,239.4,244.2,6465015,0
2022-01-21 00:00:00+05:30,242.8,244.75,237.0,239.7,5834040,0
2022-01-24 00:00:00+05:30,239.0,240.6,228.2,230.9,9353860,0
2022-01-25 00:00:00+05:30,228.0,240.55,220.65,233.35,10473610,0
2022-01-27 00:00:00+05:30,236.0,249.55,234.0,248.2,14742195,0
2022-01-28 00:00:00+05:30,250.0,259.95,247.2,248.55,9290465,0
2022-01-31 00:00:00+05:30,251.8,254.4,245.0,245.7,4867125,0
2022-02-01 00:00:00+05:30,249.7,258.0,246.9,256.05,5528990,0
2022-02-02 00:00:00+05:30,258.2,260.85,254.2,256.75,4547020,0
2022-02-03 00:00:00+05:30,257.4,257.4,251.0,252.65,2367305,0
2022-02-04 00:00:00+05:30,252.0,253.5,245.8,246.65,2633985,0
2022-02-07 00:00:00+05:30,247.0,250.2,242.2,243.75,2030295,0
2022-02-08 00:00:00+05:30,245.1,249.05,241.35,248.05,3807905,0
2022-02-09 00:00:00+05:30,248.0,250.8,246.6,249.05,2220130,0
2022-02-10 00:00:00+05:30,249.0,255.0,246.4,253.1,3166790,0
2022-02-11 00:00:00+05:30,250.6,252.8,245.65,247.1,2919870,0
2022-02-14 00:00:00+05:30,241.2,241.2,230.7,232.15,6578230,0
2022-02-15 00:00:00+05:30,234.2,244.2,228.65,241.6,4886570,0
2022-02-16 00:00:00+05:30,244.8,254.9,243.2,244.1,9347585,0
2022-02-17 00:00:00+05:30,246.4,256.45,245.9,255.5,11096160,0
2022-02-18 00:00:00+05:30,253.8,258.4,250.1,251.6,6084335,0
2022-02-21 00:00:00+05:30,248.8,250.5,242.0,244.05,4546015,0
2022-02-22 00:00:00+05:30,240.0,243.2,235.25,240.85,4408165,0
2022-02-23 00:00:00+05:30,243.6,244.35,234.3,235.0,4670295,0
2022-02-24 00:00:00+05:30,228.0,230.9,212.0,213.7,7525505,0
2022-02-25 00:00:00+05:30,223.1,231.9,220.45,225.5,9287685,0
2022-02-28 00:00:00+05:30,221.8,225.6,216.2,224.85,6854355,0
2022-03-02 00:00:00+05:30,220.6,229.45,213.2,219.1,8430100,0
2022-03-03 00:00:00+05:30,223.4,227.2,218.8,221.1,5518095,0
2022-03-04 00:00:00+05:30,219.8,223.3,216.2,217.85,5340955,0
2022-03-07 00:00:00+05:30,211.0,211.95,203.25,204.25,4901560,0
2022-03-08 00:00:00+05:30,203.2,209.95,200.4,208.3,12217785,0
2022-03-09 00:00:00+05:30,212.25,214.45,208.25,212.35,6415045,0
2022-03-10 00:00:00+05:30,219.6,220.0,211.0,215.9,8349665,0
2022-03-11 00:00:00+05:30,211.65,218.9,211.3,218.2,5890485,0
2022-03-14 00:00:00+05:30,219.0,223.2,215.5,222.55,6630425,0
2022-03-15 00:00:00+05:30,223.0,227.4,216.0,218.05,7772955,0
2022-03-16 00:00:00+05:30,221.75,226.0,219.05,221.9,7527250,0
2022-03-17 00:00:00+05:30,225.0,228.9,224.15,225.9,5977670,0
2022-03-21 00:00:00+05:30,226.1,228.3,216.95,217.3,6308350,0
2022-03-22 00:00:00+05:30,216.4,221.0,213.2,219.65,8069535,0
2022-03-23 00:00:00+05:30,220.6,222.0,217.6,219.25,4335075,0
2022-03-24 00:00:00+05:30,218.8,220.3,217.3,218.5,3329035,0
2022-03-25 00:00:00+05:30,219.95,222.5,217.2,220.6,3234280,0
2022-03-28 00:00:00+05:30,221.7,224.1,216.75,223.1,7168470,0
2022-03-29 00:00:00+05:30,223.1,225.4,219.8,224.7,6632010,0
2022-03-30 00:00:00+05:30,225.4,227.75,223.8,224.9,2494090,0
2022-03-31 00:00:00+05:30,225.4,228.9,223.8,226.95,4371685,0
2022-04-01 00:00:00+05:30,227.0,239.8,225.6,236.25,4473460,0
2022-04-04 00:00:00+05:30,236.8,238.0,234.0,235.8,2766255,0
2022-04-05 00:00:00+05:30,236.8,237.5,233.1,234.1,7478890,0
2022-04-06 00:00:00+05:30,231.8,236.0,231.0,233.4,5148520,0
2022-04-07 00:00:00+05:30,232.2,237.0,231.6,234.8,10215730,0
2022-04-08 00:00:00+05:30,237.85,242.7,233.35,241.45,12013760,0
2022-04-11 00:00:00+05:30,243.0,247.6,239.6,244.7,5541150,0
2022-04-12 00:00:00+05:30,245.0,245.0,234.0,236.2,5301495,0
2022-04-13 00:00:00+05:30,238.4,239.45,235.7,236.8,2337810,0
2022-04-18 00:00:00+05:30,232.4,234.95,224.2,232.85,7199895,0
2022-04-19 00:00:00+05:30,235.85,237.8,220.4,223.7,7289265,0
2022-04-20 00:00:00+05:30,222.5,226.75,218.4,222.85,3195385,0
2022-04-21 00:00:00+05:30,224.8,230.8,223.6,230.15,3891400,0
2022-04-22 00:00:00+05:30,228.0,228.0,220.1,221.6,4432385,0
2022-04-25 00:00:00+05:30,219.0,220.8,215.25,219.3,5391300,0
2022-04-26 00:00:00+05:30,221.6,232.2,220.6,231.45,7799210,0
2022-04-27 00:00:00+05:30,228.4,233.35,226.8,228.25,5002305,0
2022-04-28 00:00:00+05:30,229.6,232.6,227.1,228.35,12255960,0
2022-04-29 00:00:00+05:30,238.9,247.8,234.85,240.4,30651345,0
2022-05-02 00:00:00+05:30,237.95,247.4,237.0,246.05,9994595,0
2022-05-04 00:00:00+05:30,246.4,251.5,226.2,229.8,9729470,0
2022-05-05 00:00:00+05:30,234.0,239.0,229.65,232.3,5106630,0
2022-05-06 00:00:00+05:30,226.6,238.6,226.6,236.75,9524820,0
2022-05-09 00:00:00+05:30,235.6,235.6,227.1,231.4,7602625,0
2022-05-10 00:00:00+05:30,231.4,235.6,229.0,232.05,4513380,0
2022-05-11 00:00:00+05:30,231.0,232.85,219.45,224.0,8918120,0
2022-05-12 00:00:00+05:30,224.0,224.0,209.4,212.95,9397425,0
2022-05-13 00:00:00+05:30,216.4,219.0,209.5,212.3,8482405,0
2022-05-16 00:00:00+05:30,212.0,219.5,210.35,218.1,6833390,0
2022-05-17 00:00:00+05:30,219.4,224.15,216.4,221.75,4101275,0
2022-05-18 00:00:00+05:30,224.0,225.35,217.45,219.55,4296340,0
2022-05-19 00:00:00+05:30,213.8,217.3,212.8,215.7,8110880,0
2022-05-20 00:00:00+05:30,219.4,221.8,216.7,219.2,3296315,0
2022-05-23 00:00:00+05:30,220.0,229.6,220.0,227.35,6070490,0
2022-05-24 00:00:00+05:30,226.75,229.0,220.6,225.55,8069565,0
2022-05-25 00:00:00+05:30,227.2,229.25,220.55,223.45,5017540,0
2022-05-26 00:00:00+05:30,224.2,230.2,220.5,229.35,3514895,0
2022-05-27 00:00:00+05:30,232.3,232.3,226.25,228.5,2271910,0
2022-05-30 00:00:00+05:30,231.4,237.0,228.4,234.4,4176795,0
2022-05-31 00:00:00+05:30,234.4,239.15,229.0,235.25,13941420,0
2022-06-01 00:00:00+05:30,235.05,240.0,233.2,237.0,5176220,0
2022-06-02 00:00:00+05:30,237.1,239.2,235.05,238.6,2790370,0
2022-06-03 00:00:00+05:30,239.1,239.6,233.65,235.7,5396720,0
2022-06-06 00:00:00+05:30,235.2,238.95,230.9,237.15,2524525,0
2022-06-07 00:00:00+05:30,234.3,236.65,228.5,235.85,4116090,0
2022-06-08 00:00:00+05:30,236.0,239.45,232.45,235.05,3753885,0
2022-06-09 00:00:00+05:30,233.6,234.55,231.0,233.55,4476645,0
2022-06-10 00:00:00+05:30,231.6,233.5,230.55,233.05,2121945,0
2022-06-13 00:00:00+05:30,229.0,232.0,223.1,226.8,4399480,0
2022-06-14 00:00:00+05:30,224.8,229.7,224.2,227.9,3860780,0
2022-06-15 00:00:00+05:30,229.0,230.6,226.3,230.0,3345520,0
2022-06-16 00:00:00+05:30,231.6,235.0,224.75,228.55,6698850,0
2022-06-17 00:00:00+05:30,227.3,230.9,222.5,229.8,6730740,0
2022-06-20 00:00:00+05:30,230.0,232.35,223.3,227.8,4386785,0
2022-06-21 00:00:00+05:30,229.4,236.65,225.75,234.8,4280930,0
2022-06-22 00:00:00+05:30,233.5,239.8,233.0,234.3,4890975,0
2022-06-23 00:00:00+05:30,232.25,243.45,232.0,239.55,3954310,0
2022-06-24 00:00:00+05:30,242.1,251.15,240.6,249.05,4996020,0
2022-06-27 00:00:00+05:30,253.8,253.8,249.1,250.5,4127285,0
2022-06-28 00:00:00+05:30,248.6,252.7,247.85,250.2,3527135,0
2022-06-29 00:00:00+05:30,248.0,251.95,243.6,244.8,2727410,0
2022-06-30 00:00:00+05:30,247.0,259.45,245.85,256.25,9956150,0
2022-07-01 00:00:00+05:30,253.25,254.95,247.7,253.15,5358285,0
2022-07-04 00:00:00+05:30,250.2,257.8,250.0,252.95,2008615,0
2022-07-05 00:00:00+05:30,253.75,262.1,252.2,255.5,6272225,0
2022-07-06 00:00:00+05:30,254.65,259.25,254.0,256.8,3157810,0
2022-07-07 00:00:00+05:30,256.0,264.3,251.6,261.65,4945940,0
2022-07-08 00:00:00+05:30,263.95,264.7,254.2,256.1,3652815,0
2022-07-11 00:00:00+05:30,255.15,256.0,248.0,251.25,3691540,0
2022-07-12 00:00:00+05:30,249.8,251.5,246.75,247.25,3442455,0
2022-07-13 00:00:00+05:30,248.8,255.0,248.05,253.8,3151325,0
2022-07-14 00:00:00+05:30,254.8,259.9,254.0,259.0,3203265,0
2022-07-15 00:00:00+05:30,260.0,263.6,255.2,262.95,2703045,0
2022-07-18 00:00:00+05:30,266.4,283.8,264.6,279.4,5420345,0
2022-07-19 00:00:00+05:30,276.45,279.8,271.45,278.3,4993150,0
2022-07-20 00:00:00+05:30,282.0,286.25,280.3,281.6,4629925,0
2022-07-21 00:00:00+05:30,280.6,293.7,279.1,292.4,4855305,0
2022-07-22 00:00:00+05:30,293.4,300.0,291.3,299.2,4810415,0
2022-07-25 00:00:00+05:30,294.6,301.8,294.6,299.3,4721665,0
2022-07-26 00:00:00+05:30,299.2,301.8,294.75,295.65,4102640,0
2022-07-27 00:00:00+05:30,292.2,294.8,287.0,290.15,6702695,0
2022-07-28 00:00:00+05:30,295.6,301.25,288.6,292.2,8557735,0
2022-07-29 00:00:00+05:30,296.0,296.0,274.1,275.95,9296570,0
2022-08-01 00:00:00+05:30,276.0,279.6,272.2,274.95,4709025,0
2022-08-02 00:00:00+05:30,275.4,280.65,272.65,275.8,4861880,0
2022-08-03 00:00:00+05:30,277.0,279.3,269.6,272.05,3733035,0
2022-08-04 00:00:00+05:30,275.4,275.4,266.7,272.0,4646770,0
2022-08-05 00:00:00+05:30,273.95,275.75,270.8,272.5,3153135,0
2022-08-08 00:00:00+05:30,274.0,280.8,271.2,278.45,4775785,0
2022-08-10 00:00:00+05:30,279.0,281.9,277.05,279.3,4003980,0
2022-08-11 00:00:00+05:30,281.15,285.05,278.25,281.2,5658525,0
2022-08-12 00:00:00+05:30,281.2,281.2,272.5,273.6,5225265,0
2022-08-16 00:00:00+05:30,273.0,277.4,270.55,272.95,6555990,0
2022-08-17 00:00:00+05:30,272.8,273.8,270.2,271.1,6599875,0
2022-08-18 00:00:00+05:30,270.05,273.05,265.4,269.7,4383855,0
2022-08-19 00:00:00+05:30,270.0,273.0,268.0,269.35,3815695,0
2022-08-22 00:00:00+05:30,272.95,272.95,261.0,262.55,4246725,0
2022-08-23 00:00:00+05:30,261.1,271.3,259.65,267.3,4383165,0
2022-08-24 00:00:00+05:30,269.2,269.95,265.4,268.6,2029850,0
2022-08-25 00:00:00+05:30,269.8,272.75,264.0,264.95,3292195,0
2022-08-26 00:00:00+05:30,267.0,269.5,264.85,266.65,2107620,0
2022-08-29 00:00:00+05:30,260.45,266.35,260.0,265.0,2128080,0
2022-08-30 00:00:00+05:30,266.4,271.8,266.1,270.95,5142225,0
2022-09-01 00:00:00+05:30,268.4,271.6,264.6,265.85,2217970,0
2022-09-02 00:00:00+05:30,268.0,268.0,261.3,261.7,2321585,0
2022-09-05 00:00:00+05:30,264.2,267.6,262.0,264.15,2988435,0
2022-09-06 00:00:00+05:30,266.75,278.3,263.5,276.95,8058715,0
2022-09-07 00:00:00+05:30,275.2,278.15,272.2,273.3,3464835,0
2022-09-08 00:00:00+05:30,274.8,277.2,271.2,272.3,3184610,0
2022-09-09 00:00:00+05:30,274.0,275.0,264.0,264.8,3022760,0
2022-09-12 00:00:00+05:30,266.25,266.85,262.0,265.7,4745365,0
2022-09-13 00:00:00+05:30,267.0,270.0,264.75,266.5,3598305,0
2022-09-14 00:00:00+05:30,264.65,270.9,263.0,266.95,3689160,0
2022-09-15 00:00:00+05:30,268.25,274.8,262.6,265.2,4760095,0
2022-09-16 00:00:00+05:30,265.95,267.6,253.6,256.8,5117185,0
2022-09-19 00:00:00+05:30,257.4,261.65,256.0,257.4,1969205,0
2022-09-20 00:00:00+05:30,259.05,263.7,258.0,259.2,3808500,0
2022-09-21 00:00:00+05:30,259.95,262.0,252.6,254.55,3779985,0
2022-09-22 00:00:00+05:30,252.6,255.2,248.25,251.45,4041540,0
2022-09-23 00:00:00+05:30,251.0,251.4,239.3,240.65,5578410,0
2022-09-26 00:00:00+05:30,238.25,240.45,229.65,235.0,3960710,0
2022-09-27 00:00:00+05:30,236.0,237.85,229.2,233.0,3060765,0
2022-09-28 00:00:00+05:30,231.95,238.7,231.0,235.0,7037355,0
2022-09-29 00:00:00+05:30,238.0,242.55,237.4,241.85,8863220,0
2022-09-30 00:00:00+05:30,240.0,244.55,237.8,239.5,3689185,0
2022-10-03 00:00:00+05:30,240.0,243.4,231.55,233.95,3393565,0
2022-10-04 00:00:00+05:30,236.0,240.75,235.1,239.95,2886230,0
2022-10-06 00:00:00+05:30,242.15,243.6,238.4,239.55,4285510,0
2022-10-07 00:00:00+05:30,239.4,241.95,234.1,239.8,5047815,0
2022-10-10 00:00:00+05:30,236.8,238.55,232.8,235.55,3026365,0
2022-10-11 00:00:00+05:30,235.0,238.85,234.0,234.75,2086380,0
2022-10-12 00:00:00+05:30,235.95,243.55,234.35,242.4,2322665,0
2022-10-13 00:00:00+05:30,242.2,242.2,235.0,237.8,2016655,0
2022-10-14 00:00:00+05:30,240.0,243.15,236.05,236.8,3429520,0
2022-10-17 00:00:00+05:30,236.05,239.45,234.4,238.5,1567175,0
2022-10-18 00:00:00+05:30,241.95,246.15,240.3,244.85,4394830,0
2022-10-19 00:00:00+05:30,245.0,246.8,241.05,242.9,1833905,0
2022-10-20 00:00:00+05:30,242.55,245.7,239.0,243.15,3339120,0
2022-10-21 00:00:00+05:30,245.0,246.55,236.7,239.55,5002910,0
2022-10-24 00:00:00+05:30,243.0,243.0,238.4,239.8,395760,0
2022-10-25 00:00:00+05:30,240.0,248.0,237.05,243.4,4718435,0
2022-10-27 00:00:00+05:30,245.0,250.75,242.2,249.4,4543535,0
2022-10-28 00:00:00+05:30,250.65,256.75,248.8,254.95,2765695,0
2022-10-31 00:00:00+05:30,254.8,254.8,245.0,245.85,3104155,0
2022-11-01 00:00:00+05:30,246.3,247.25,240.6,241.55,6675575,0
2022-11-02 00:00:00+05:30,241.6,244.55,240.0,241.55,2733960,0
2022-11-03 00:00:00+05:30,240.4,248.65,239.15,248.05,3636250,0
2022-11-04 00:00:00+05:30,249.0,252.85,248.1,251.9,3337760,0
2022-11-07 00:00:00+05:30,252.85,258.8,251.35,257.85,2258285,0
2022-11-09 00:00:00+05:30,252.8,259.8,252.8,255.05,1989790,0
2022-11-10 00:00:00+05:30,253.95,258.0,247.5,249.05,3089160,0
2022-11-11 00:00:00+05:30,250.4,257.4,250.4,255.35,2488040,0
2022-11-14 00:00:00+05:30,256.0,257.1,251.1,253.15,1655990,0
2022-11-15 00:00:00+05:30,254.0,254.0,249.2,250.55,1474635,0
2022-11-16 00:00:00+05:30,250.4,250.95,245.05,246.75,2486780,0
2022-11-17 00:00:00+05:30,246.4,261.95,246.4,255.15,10895855,0
2022-11-18 00:00:00+05:30,255.1,256.9,248.4,250.25,5665580,0
2022-11-21 00:00:00+05:30,250.5,261.0,248.6,260.05,11427320,0
2022-11-22 00:00:00+05:30,261.0,271.0,258.2,269.3,9851655,0
2022-11-23 00:00:00+05:30,270.0,272.6,265.05,266.85,6956495,0
2022-11-24 00:00:00+05:30,268.2,268.2,261.0,262.35,3504165,0
2022-11-25 00:00:00+05:30,263.0,264.4,255.05,256.05,4325525,0
2022-11-28 00:00:00+05:30,254.8,258.95,249.4,252.95,22810780,0
2022-11-29 00:00:00+05:30,250.55,256.2,250.3,254.05,8742450,0
2022-11-30 00:00:00+05:30,254.5,275.0,254.4,270.0,11378515,0
2022-12-01 00:00:00+05:30,269.3,269.3,255.4,257.35,8011285,0
2022-12-02 00:00:00+05:30,257.35,259.65,253.6,258.05,5168550,0
2022-12-05 00:00:00+05:30,259.2,260.0,255.8,258.95,4417660,0
2022-12-06 00:00:00+05:30,259.0,267.8,258.05,265.3,10171880,0
2022-12-07 00:00:00+05:30,265.6,273.35,265.4,267.05,6943485,0
2022-12-08 00:00:00+05:30,267.0,271.0,265.0,267.65,2846375,0
2022-12-09 00:00:00+05:30,269.7,270.8,263.3,268.8,3202765,0
2022-12-12 00:00:00+05:30,268.0,275.2,265.65,272.7,5938835,0
2022-12-13 00:00:00+05:30,272.2,274.2,268.0,273.15,1977965,0
2022-12-14 00:00:00+05:30,273.2,276.0,271.1,275.7,4138030,0
2022-12-15 00:00:00+05:30,275.1,280.85,274.0,278.65,3778060,0
2022-12-16 00:00:00+05:30,275.4,280.8,267.6,274.1,9071230,0
2022-12-19 00:00:00+05:30,274.8,277.35,272.4,274.45,3297195,0
2022-12-20 00:00:00+05:30,274.0,279.8,270.5,277.85,2851545,0
2022-12-21 00:00:00+05:30,277.35,283.9,272.05,273.9,4286630,0
2022-12-22 00:00:00+05:30,275.0,277.4,265.65,267.9,1549960,0
2022-12-23 00:00:00+05:30,265.4,265.4,258.1,260.3,1564975,0
2022-12-26 00:00:00+05:30,260.3,273.4,259.0,270.25,1606850,0
2022-12-27 00:00:00+05:30,272.4,278.0,265.9,275.8,2420365,0
2022-12-28 00:00:00+05:30,272.7,279.4,270.5,277.7,2201075,0
2022-12-29 00:00:00+05:30,269.8,269.8,250.25,262.45,19945730,0
2022-12-30 00:00:00+05:30,266.0,276.95,265.05,275.4,7329350,0
2023-01-02 00:00:00+05:30,276.2,278.0,272.4,277.15,2184945,0
2023-01-03 00:00:00+05:30,273.75,275.4,267.1,269.95,2678225,0
2023-01-04 00:00:00+05:30,269.6,270.6,263.55,265.65,2709675,0
2023-01-05 00:00:00+05:30,267.2,268.0,262.25,264.0,2309935,0
2023-01-06 00:00:00+05:30,265.0,265.15,257.4,258.95,1599915,0
2023-01-09 00:00:00+05:30,260.0,264.95,259.9,263.7,2348255,0
2023-01-10 00:00:00+05:30,264.55,267.5,263.7,266.8,2849300,0
2023-01-11 00:00:00+05:30,266.8,268.75,263.8,266.9,1445245,0
2023-01-12 00:00:00+05:30,268.3,268.45,261.05,262.55,2259350,0
2023-01-13 00:00:00+05:30,262.0,262.6,253.5,256.65,4597480,0
2023-01-16 00:00:00+05:30,257.8,260.3,253.8,254.55,2549280,0
2023-01-17 00:00:00+05:30,255.55,256.15,252.6,254.35,3167635,0
2023-01-18 00:00:00+05:30,255.6,258.35,251.25,256.8,2375830,0
2023-01-19 00:00:00+05:30,256.8,259.45,254.45,258.95,2489795,0
2023-01-20 00:00:00+05:30,258.8,258.8,253.3,255.45,1984570,0
2023-01-23 00:00:00+05:30,256.4,259.4,255.0,256.9,1269830,0
2023-01-24 00:00:00+05:30,257.6,258.55,252.6,253.05,1061495,0
2023-01-25 00:00:00+05:30,253.7,254.15,246.0,250.85,2130930,0
2023-01-27 00:00:00+05:30,251.0,256.8,246.0,248.2,2410525,0
2023-01-30 00:00:00+05:30,247.8,253.0,245.5,248.75,5905675,0
2023-01-31 00:00:00+05:30,249.5,259.1,246.7,257.3,6053500,0
2023-02-01 00:00:00+05:30,265.6,273.4,255.65,259.45,7936630,0
2023-02-02 00:00:00+05:30,258.6,259.9,250.6,252.9,2552580,0
2023-02-03 00:00:00+05:30,254.25,256.85,250.0,255.8,2600590,0
2023-02-06 00:00:00+05:30,252.0,259.5,252.0,258.75,2088355,0
2023-02-07 00:00:00+05:30,258.8,260.6,255.8,258.25,1940780,0
2023-02-08 00:00:00+05:30,259.55,262.15,258.0,261.55,1715770,0
2023-02-09 00:00:00+05:30,261.7,263.5,259.7,263.0,1437655,0
2023-02-10 00:00:00+05:30,264.0,264.0,253.55,255.7,3358630,0
2023-02-13 00:00:00+05:30,255.7,256.95,250.6,251.2,1789390,0
2023-02-14 00:00:00+05:30,252.4,254.9,250.0,254.05,1050085,0
2023-02-15 00:00:00+05:30,253.1,255.6,251.4,254.55,1236070,0
2023-02-16 00:00:00+05:30,256.4,256.45,249.25,251.75,3304915,0
2023-02-17 00:00:00+05:30,250.0,252.25,246.1,246.8,2077315,0
2023-02-20 00:00:00+05:30,251.75,251.75,246.85,247.45,2309105,0
2023-02-21 00:00:00+05:30,249.4,250.55,242.2,243.0,2163550,0
2023-02-22 00:00:00+05:30,242.2,244.25,239.0,241.6,3253235,0
2023-02-23 00:00:00+05:30,242.0,243.05,239.0,240.05,1641205,0
2023-02-24 00:00:00+05:30,240.55,244.4,240.2,243.7,2464105,0
2023-02-27 00:00:00+05:30,243.7,244.1,238.4,240.6,1437525,0
2023-02-28 00:00:00+05:30,241.0,242.55,238.0,240.65,13260610,0
2023-03-01 00:00:00+05:30,241.4,246.3,241.0,244.35,2913235,0
2023-03-02 00:00:00+05:30,244.6,245.0,238.6,241.9,2720640,0
2023-03-03 00:00:00+05:30,243.15,245.8,242.05,243.4,1836725,0
2023-03-06 00:00:00+05:30,244.0,249.8,244.0,249.35,3145920,0
2023-03-08 00:00:00+05:30,249.0,259.0,244.2,254.1,51702925,0
2023-03-09 00:00:00+05:30,256.0,262.95,255.0,258.1,8022010,0
2023-03-10 00:00:00+05:30,257.0,257.0,251.7,253.95,1446625,0
2023-03-13 00:00:00+05:30,254.15,256.75,250.35,251.6,3683830,0
2023-03-14 00:00:00+05:30,250.2,251.6,244.6,247.8,3141790,0
2023-03-15 00:00:00+05:30,250.2,250.8,245.1,245.9,1987050,0
2023-03-16 00:00:00+05:30,246.4,252.15,245.75,250.05,3988570,0
2023-03-17 00:00:00+05:30,251.3,253.6,247.35,249.2,4182610,0
2023-03-20 00:00:00+05:30,255.0,255.0,240.7,243.95,3402415,0
2023-03-21 00:00:00+05:30,246.7,257.75,243.6,252.1,5079360,0
2023-03-22 00:00:00+05:30,252.4,252.95,248.35,249.25,1814750,0
2023-03-23 00:00:00+05:30,248.4,252.85,246.8,252.1,2141185,0
2023-03-24 00:00:00+05:30,250.85,251.85,245.0,246.65,4290270,0
2023-03-27 00:00:00+05:30,246.4,246.6,241.15,241.9,1948390,0
2023-03-28 00:00:00+05:30,242.2,246.85,240.45,245.2,2605125,0
2023-03-29 00:00:00+05:30,245.2,252.0,244.3,250.35,1649135,0
2023-03-31 00:00:00+05:30,250.6,256.4,250.6,251.9,4489935,0
2023-04-03 00:00:00+05:30,253.2,258.2,253.2,257.3,2297460,0
2023-04-05 00:00:00+05:30,256.2,258.85,254.9,257.8,1710530,0
2023-04-06 00:00:00+05:30,257.2,261.4,256.05,260.75,1428390,0
2023-04-10 00:00:00+05:30,260.75,261.4,257.0,260.95,630385,0
2023-04-11 00:00:00+05:30,260.95,262.0,255.4,259.05,2316150,0
2023-04-12 00:00:00+05:30,259.8,262.4,257.7,261.8,2680600,0
2023-04-13 00:00:00+05:30,261.8,261.8,258.4,259.3,774615,0
2023-04-17 00:00:00+05:30,260.0,265.4,259.2,264.25,2927410,0
2023-04-18 00:00:00+05:30,265.45,269.0,263.8,267.85,2602290,0
2023-04-19 00:00:00+05:30,269.45,274.0,267.5,273.3,2649705,0
2023-04-20 00:00:00+05:30,274.0,274.7,267.15,267.85,1972785,0
2023-04-21 00:00:00+05:30,271.1,272.35,268.2,271.75,1533610,0
2023-04-24 00:00:00+05:30,272.2,282.35,271.25,278.5,3484290,0
2023-04-25 00:00:00+05:30,279.95,293.85,279.0,286.55,11463135,0
2023-04-26 00:00:00+05:30,287.95,287.95,276.4,281.25,4680385,0
2023-04-27 00:00:00+05:30,280.0,282.4,276.4,281.1,5355815,0
2023-04-28 00:00:00+05:30,270.0,273.0,261.8,266.5,15378245,0
2023-05-02 00:00:00+05:30,269.8,270.65,264.35,265.05,4445290,0
2023-05-03 00:00:00+05:30,264.6,267.15,263.25,263.8,2404405,0
2023-05-04 00:00:00+05:30,265.2,266.2,263.2,265.55,2605540,0
2023-05-05 00:00:00+05:30,265.6,269.45,263.25,263.75,1867575,0
2023-05-08 00:00:00+05:30,265.8,271.0,263.75,269.6,3146345,0
2023-05-09 00:00:00+05:30,271.75,280.0,269.15,269.65,4717955,0
2023-05-10 00:00:00+05:30,272.2,272.2,266.1,270.6,2721495,0
2023-05-11 00:00:00+05:30,270.2,274.0,268.0,272.85,1675840,0
2023-05-12 00:00:00+05:30,273.0,274.95,268.2,269.95,1868500,0
2023-05-15 00:00:00+05:30,270.6,273.5,267.2,268.1,3314115,0
2023-05-16 00:00:00+05:30,270.0,272.05,265.0,265.7,5037130,0
2023-05-17 00:00:00+05:30,265.8,270.1,265.0,268.85,1876620,0
2023-05-18 00:00:00+05:30,270.5,271.4,265.9,269.2,3189190,0
2023-05-19 00:00:00+05:30,271.4,271.4,266.6,267.85,3457825,0
2023-05-22 00:00:00+05:30,267.2,267.6,261.2,263.85,3724060,0
2023-05-23 00:00:00+05:30,264.8,276.05,264.05,272.65,3621815,0
2023-05-24 00:00:00+05:30,272.55,278.0,271.25,273.95,4991420,0
2023-05-25 00:00:00+05:30,273.95,277.6,271.65,275.05,2376370,0
2023-05-26 00:00:00+05:30,275.05,277.25,273.0,276.7,2622815,0
2023-05-29 00:00:00+05:30,277.6,284.7,276.7,281.75,5878845,0
2023-05-30 00:00:00+05:30,282.3,284.25,281.15,283.35,3948785,0
2023-05-31 00:00:00+05:30,283.55,284.0,278.3,279.95,6080605,0
2023-06-01 00:00:00+05:30,279.95,283.7,279.95,282.05,2902875,0
2023-06-02 00:00:00+05:30,283.05,284.85,280.85,282.65,3680045,0
2023-06-05 00:00:00+05:30,284.2,285.45,279.55,280.2,2510040,0
2023-06-06 00:00:00+05:30,281.5,283.95,277.15,281.8,1777200,0
2023-06-07 00:00:00+05:30,280.0,285.2,278.0,281.65,3799040,0
2023-06-08 00:00:00+05:30,282.6,289.8,280.0,282.2,4030580,0
2023-06-09 00:00:00+05:30,282.0,287.75,281.8,283.45,2435880,0
2023-06-12 00:00:00+05:30,285.0,292.25,283.4,290.45,2951100,0
2023-06-13 00:00:00+05:30,291.6,292.2,287.0,288.7,3300860,0
2023-06-14 00:00:00+05:30,290.0,290.0,280.45,281.55,3617290,0
2023-06-15 00:00:00+05:30,282.8,284.0,280.8,282.85,2747890,0
2023-06-16 00:00:00+05:30,281.3,282.2,278.0,280.3,6897545,0
2023-06-19 00:00:00+05:30,294.6,300.2,290.55,293.95,15970295,0
2023-06-20 00:00:00+05:30,294.0,314.55,291.2,311.95,13814600,0
2023-06-21 00:00:00+05:30,343.1,358.7,335.0,346.85,67327115,0
2023-06-22 00:00:00+05:30,353.0,353.0,338.35,343.75,20695285,0
2023-06-23 00:00:00+05:30,338.6,341.7,328.35,335.35,26775580,0
2023-06-26 00:00:00+05:30,333.75,342.7,328.45,340.65,9027690,0
2023-06-27 00:00:00+05:30,340.8,345.7,332.0,339.25,9250910,0
2023-06-28 00:00:00+05:30,342.0,343.65,337.85,340.2,9058510,0
2023-06-30 00:00:00+05:30,340.2,353.4,339.55,347.05,13348225,0
2023-07-03 00:00:00+05:30,350.55,355.6,348.6,351.6,7848930,0
2023-07-04 00:00:00+05:30,354.4,358.65,348.0,355.55,8948575,0
2023-07-05 00:00:00+05:30,355.6,365.6,353.8,360.45,13158105,0
2023-07-06 00:00:00+05:30,360.3,360.3,353.45,354.25,4616375,0
2023-07-07 00:00:00+05:30,355.0,355.8,342.4,343.7,6705130,0
2023-07-10 00:00:00+05:30,345.8,346.1,340.75,344.65,6425075,0
2023-07-11 00:00:00+05:30,346.0,355.5,345.25,352.15,6085610,0
2023-07-12 00:00:00+05:30,352.0,363.6,351.95,361.1,6537300,0
2023-07-13 00:00:00+05:30,363.5,365.85,356.6,357.8,6218315,0
2023-07-14 00:00:00+05:30,360.0,362.25,354.55,356.8,4492200,0
2023-07-17 00:00:00+05:30,357.2,358.4,351.05,353.9,4223875,0
2023-07-18 00:00:00+05:30,355.75,360.25,354.0,356.85,7805875,0
2023-07-19 00:00:00+05:30,356.8,358.95,354.55,357.15,5968125,0
2023-07-20 00:00:00+05:30,357.0,359.7,355.6,356.55,2878425,0
2023-07-21 00:00:00+05:30,355.7,373.65,355.0,366.3,15551270,0
2023-07-24 00:00:00+05:30,368.15,369.6,356.0,359.25,30150490,0
2023-07-25 00:00:00+05:30,366.2,366.2,359.2,364.7,7020285,0
2023-07-26 00:00:00+05:30,365.2,367.1,361.75,363.85,3995010,0
2023-07-27 00:00:00+05:30,367.6,369.8,357.3,362.35,11626560,0
2023-07-28 00:00:00+05:30,365.2,367.65,358.0,363.55,5905730,0
2023-07-31 00:00:00+05:30,366.3,379.6,363.6,378.65,7778860,0
2023-08-01 00:00:00+05:30,378.65,380.2,369.0,370.75,5345210,0
2023-08-02 00:00:00+05:30,372.0,373.25,360.35,366.65,7630985,0
2023-08-03 00:00:00+05:30,365.8,367.7,358.3,363.7,3816705,0
2023-08-04 00:00:00+05:30,365.0,368.75,360.4,367.4,5455600,0
2023-08-07 00:00:00+05:30,368.2,372.0,366.65,370.95,4926185,0
2023-08-08 00:00:00+05:30,371.0,374.95,368.0,372.3,9859755,0
2023-08-09 00:00:00+05:30,374.6,375.2,368.0,369.8,6340300,0
2023-08-10 00:00:00+05:30,370.95,374.8,368.0,370.15,5397960,0
2023-08-11 00:00:00+05:30,370.0,370.0,360.8,361.6,5133290,0
2023-08-14 00:00:00+05:30,361.6,363.85,354.9,362.7,4598320,0
2023-08-16 00:00:00+05:30,362.75,363.35,352.0,359.2,9040420,0
2023-08-17 00:00:00+05:30,362.4,374.0,362.4,368.9,6805160,0
2023-08-18 00:00:00+05:30,370.4,370.4,361.6,364.1,4286650,0
2023-08-21 00:00:00+05:30,364.0,371.0,362.95,368.65,6865250,0
2023-08-22 00:00:00+05:30,370.8,370.8,366.15,369.0,4892080,0
2023-08-23 00:00:00+05:30,369.8,371.25,364.25,370.45,2475480,0
2023-08-24 00:00:00+05:30,371.0,386.35,371.0,375.1,8085270,0
2023-08-25 00:00:00+05:30,373.0,375.95,367.4,372.85,4806385,0
2023-08-28 00:00:00+05:30,374.0,374.2,369.25,372.35,4670145,0
2023-08-29 00:00:00+05:30,373.4,375.6,369.35,374.45,2919905,0
2023-08-30 00:00:00+05:30,374.4,384.0,373.55,376.8,3644915,0
2023-08-31 00:00:00+05:30,379.0,387.8,377.8,385.65,12639870,0
2023-09-01 00:00:00+05:30,386.0,387.2,381.35,382.4,3756035,0
2023-09-04 00:00:00+05:30,383.4,389.0,377.85,378.8,7899565,0
2023-09-05 00:00:00+05:30,380.75,386.0,376.05,382.7,6793595,0
2023-09-06 00:00:00+05:30,384.0,385.4,376.4,378.5,6908360,0
2023-09-07 00:00:00+05:30,379.0,380.15,374.15,378.75,6035475,0
2023-09-08 00:00:00+05:30,382.0,392.0,380.55,390.75,7287555,0
2023-09-11 00:00:00+05:30,394.35,394.35,387.65,391.45,6565460,0
2023-09-12 00:00:00+05:30,393.95,393.95,378.25,382.25,6903070,0
2023-09-13 00:00:00+05:30,380.4,384.0,375.45,382.05,6517920,0
2023-09-14 00:00:00+05:30,384.0,385.55,381.1,383.1,5225585,0
2023-09-15 00:00:00+05:30,385.6,386.75,381.2,384.45,6773145,0
2023-09-18 00:00:00+05:30,383.25,384.9,380.3,382.5,3166810,0
2023-09-20 00:00:00+05:30,380.0,389.0,378.6,383.6,4028295,0
2023-09-21 00:00:00+05:30,382.95,384.8,378.2,380.05,2504980,0
2023-09-22 00:00:00+05:30,380.05,385.95,376.2,378.2,2804785,0
2023-09-25 00:00:00+05:30,378.2,391.85,372.15,389.1,10327105,0
2023-09-26 00:00:00+05:30,388.4,388.6,374.2,376.9,5973300,0
2023-09-27 00:00:00+05:30,379.6,382.7,376.05,378.5,3216495,0
2023-09-28 00:00:00+05:30,381.85,382.5,371.25,374.3,21636670,0
2023-09-29 00:00:00+05:30,374.55,386.2,373.1,383.85,6908925,0
2023-10-03 00:00:00+05:30,387.6,388.0,376.2,384.4,11039535,0
2023-10-04 00:00:00+05:30,381.8,384.0,368.3,370.1,6700835,0
2023-10-05 00:00:00+05:30,370.4,374.6,364.6,367.5,7397385,0
2023-10-06 00:00:00+05:30,370.2,372.6,367.0,369.75,6311950,0
2023-10-09 00:00:00+05:30,368.0,368.15,360.75,364.2,5354120,0
2023-10-10 00:00:00+05:30,368.0,379.35,363.05,378.55,8377560,0
2023-10-11 00:00:00+05:30,381.4,384.1,377.1,379.7,4561415,0
2023-10-12 00:00:00+05:30,381.7,381.7,375.0,375.6,3313985,0
2023-10-13 00:00:00+05:30,374.95,377.35,374.1,376.2,2983920,0
2023-10-16 00:00:00+05:30,376.2,377.0,371.1,373.5,2463960,0
2023-10-17 00:00:00+05:30,375.7,378.6,374.4,377.7,3378270,0
2023-10-18 00:00:00+05:30,377.7,378.15,370.5,373.25,2524565,0
2023-10-19 00:00:00+05:30,367.4,378.0,364.7,375.75,3099700,0
2023-10-20 00:00:00+05:30,375.3,377.15,373.2,375.35,2206225,0
2023-10-23 00:00:00+05:30,374.95,383.2,373.2,376.0,10365280,0
2023-10-25 00:00:00+05:30,374.3,377.35,358.4,363.25,6849205,0
2023-10-26 00:00:00+05:30,363.25,363.75,352.15,359.5,4792965,0
2023-10-27 00:00:00+05:30,370.2,405.95,370.2,387.05,25056665,0
2023-10-30 00:00:00+05:30,387.0,387.05,373.05,378.45,10187990,0
2023-10-31 00:00:00+05:30,380.4,381.4,374.15,375.95,8455335,0
2023-11-01 00:00:00+05:30,376.8,381.4,375.25,380.45,3794295,0
2023-11-02 00:00:00+05:30,382.7,393.0,380.55,390.95,4288760,0
2023-11-03 00:00:00+05:30,392.5,405.6,390.4,402.7,9322270,0
2023-11-06 00:00:00+05:30,401.8,402.5,396.4,398.3,5634155,0
2023-11-07 00:00:00+05:30,400.0,401.1,390.85,397.45,8807090,0
2023-11-08 00:00:00+05:30,397.45,398.55,394.25,395.95,3525375,0
2023-11-09 00:00:00+05:30,394.0,394.0,388.0,388.7,4975345,0
2023-11-10 00:00:00+05:30,388.0,393.2,385.4,390.45,2430100,0
2023-11-12 00:00:00+05:30,391.7,393.95,391.4,392.65,230015,0
2023-11-13 00:00:00+05:30,391.5,394.6,386.05,393.55,2779500,0
2023-11-15 00:00:00+05:30,397.05,408.25,395.0,407.15,6346865,0
2023-11-16 00:00:00+05:30,407.35,410.2,403.1,407.15,3184495,0
2023-11-17 00:00:00+05:30,403.8,403.8,396.2,398.95,5468870,0
2023-11-20 00:00:00+05:30,399.0,401.95,395.55,397.8,2862980,0
2023-11-21 00:00:00+05:30,400.0,403.95,396.05,399.95,5089455,0
2023-11-22 00:00:00+05:30,401.0,402.0,390.65,395.4,2639075,0
2023-11-23 00:00:00+05:30,395.6,399.8,394.0,394.95,1529325,0
2023-11-24 00:00:00+05:30,394.95,396.0,388.2,389.5,2379295,0
2023-11-28 00:00:00+05:30,390.35,394.0,386.9,393.15,3604165,0
2023-11-29 00:00:00+05:30,393.15,396.3,392.0,394.85,3299720,0
2023-11-30 00:00:00+05:30,394.6,404.0,394.25,401.45,11002290,0
2023-12-01 00:00:00+05:30,402.8,406.0,399.4,400.65,3034950,0
2023-12-04 00:00:00+05:30,405.0,421.6,401.45,418.9,9360830,0
2023-12-05 00:00:00+05:30,418.9,419.75,408.6,414.0,8296900,0
2023-12-06 00:00:00+05:30,415.4,416.8,409.0,411.15,3598450,0
2023-12-07 00:00:00+05:30,412.2,414.0,406.0,406.95,3904160,0
2023-12-08 00:00:00+05:30,410.0,411.5,402.95,406.3,4218365,0
2023-12-11 00:00:00+05:30,406.3,413.6,403.1,409.4,4948465,0
2023-12-12 00:00:00+05:30,413.0,413.0,397.6,399.05,7159045,0
2023-12-13 00:00:00+05:30,402.0,402.35,395.2,399.05,7973270,0
2023-12-14 00:00:00+05:30,401.2,426.0,401.0,423.65,11924520,0
2023-12-15 00:00:00+05:30,423.4,424.3,414.0,415.55,11228265,0
2023-12-18 00:00:00+05:30,415.35,415.7,408.6,409.6,4203410,0
2023-12-19 00:00:00+05:30,411.75,416.55,408.0,411.9,11070960,0
2023-12-20 00:00:00+05:30,412.2,422.4,398.0,399.75,9435625,0
2023-12-21 00:00:00+05:30,399.45,409.6,394.4,403.35,9405990,0
2023-12-22 00:00:00+05:30,406.0,413.8,403.3,411.1,6928875,0
2023-12-26 00:00:00+05:30,414.4,415.35,405.6,407.15,4822975,0
2023-12-27 00:00:00+05:30,408.2,413.1,407.15,410.0,3750095,0
2023-12-28 00:00:00+05:30,412.95,412.95,407.2,409.15,3288345,0
2023-12-29 00:00:00+05:30,410.5,413.6,407.6,410.65,5291010,0
2024-01-01 00:00:00+05:30,411.1,412.0,408.2,409.75,1523610,0
2024-01-02 00:00:00+05:30,410.0,411.95,403.2,406.0,5389635,0
2024-01-03 00:00:00+05:30,407.0,419.6,405.8,418.0,6787670,0
2024-01-04 00:00:00+05:30,420.0,430.5,418.05,429.65,7695105,0
2024-01-05 00:00:00+05:30,430.6,435.35,423.9,434.5,8114435,0
2024-01-08 00:00:00+05:30,436.8,445.0,432.7,439.25,7487975,0
2024-01-09 00:00:00+05:30,441.3,444.6,430.1,433.55,5463445,0
2024-01-10 00:00:00+05:30,436.0,437.55,427.15,430.0,2470725,0
2024-01-11 00:00:00+05:30,443.6,457.95,440.8,455.95,14663945,0
2024-01-12 00:00:00+05:30,458.55,460.6,452.0,458.55,5187280,0
2024-01-15 00:00:00+05:30,460.6,465.0,456.0,463.9,2783690,0
2024-01-16 00:00:00+05:30,465.0,467.0,459.0,461.95,6647950,0
2024-01-17 00:00:00+05:30,458.8,463.55,448.0,457.6,5308645,0
2024-01-18 00:00:00+05:30,454.2,457.45,439.3,451.1,7883550,0
2024-01-19 00:00:00+05:30,454.2,464.4,454.2,460.35,5296785,0
2024-01-20 00:00:00+05:30,466.0,468.0,457.6,459.8,502225,0
2024-01-23 00:00:00+05:30,457.4,462.8,449.5,455.9,10999270,0
2024-01-24 00:00:00+05:30,446.75,463.0,441.9,460.5,8501730,0
2024-01-25 00:00:00+05:30,463.55,470.6,458.4,461.45,5327820,0
2024-01-29 00:00:00+05:30,486.4,488.4,460.45,481.8,17895075,0
2024-01-30 00:00:00+05:30,481.8,499.3,481.8,490.6,14238795,0
2024-01-31 00:00:00+05:30,490.0,495.9,480.1,493.35,9573360,0
2024-02-01 00:00:00+05:30,482.2,487.8,477.7,479.45,10601720,0
2024-02-02 00:00:00+05:30,479.5,484.25,477.1,481.1,4405185,0
2024-02-05 00:00:00+05:30,483.8,486.5,469.45,471.4,1993400,0
2024-02-06 00:00:00+05:30,472.0,480.8,464.75,479.3,7511415,0
2024-02-07 00:00:00+05:30,479.6,491.85,479.3,482.75,5230250,0
2024-02-08 00:00:00+05:30,485.0,485.0,468.15,469.6,4430985,0
2024-02-09 00:00:00+05:30,469.6,470.8,458.3,466.8,2903050,0
2024-02-12 00:00:00+05:30,467.0,470.6,450.95,452.45,2845040,0
2024-02-13 00:00:00+05:30,453.4,468.7,447.05,466.15,8984610,0
2024-02-14 00:00:00+05:30,457.0,480.9,456.05,478.65,3686385,0
2024-02-15 00:00:00+05:30,487.45,492.7,482.4,487.5,5721585,0
2024-02-16 00:00:00+05:30,488.0,491.95,486.75,489.9,4596560,0
2024-02-19 00:00:00+05:30,489.9,492.4,483.3,488.0,3451410,0
2024-02-20 00:00:00+05:30,488.0,488.95,479.05,483.35,4396705,0
2024-02-21 00:00:00+05:30,482.75,483.0,469.0,471.2,3665875,0
2024-02-22 00:00:00+05:30,471.8,479.95,466.6,479.05,2571220,0
2024-02-23 00:00:00+05:30,479.7,491.4,477.6,489.1,5723325,0
2024-02-26 00:00:00+05:30,490.0,507.0,489.6,497.05,5989015,0
2024-02-27 00:00:00+05:30,495.0,501.85,451.4,474.5,20513770,0
2024-02-28 00:00:00+05:30,478.4,487.6,461.6,469.75,11119410,0
2024-02-29 00:00:00+05:30,479.8,491.0,470.25,487.7,20232355,0
2024-03-01 00:00:00+05:30,493.9,494.75,487.0,490.1,5500370,0
2024-03-02 00:00:00+05:30,490.8,493.7,490.8,491.45,123285,0
2024-03-04 00:00:00+05:30,492.0,493.0,483.8,489.3,2666695,0
2024-03-05 00:00:00+05:30,482.2,491.15,482.2,486.3,6190170,0
2024-03-06 00:00:00+05:30,488.8,490.6,469.8,474.9,6744720,0
2024-03-07 00:00:00+05:30,474.9,491.1,474.9,489.9,5963990,0
2024-03-11 00:00:00+05:30,489.2,500.0,484.15,496.2,11377355,0
2024-03-12 00:00:00+05:30,496.8,496.8,482.05,484.35,7206710,0
2024-03-13 00:00:00+05:30,487.0,487.95,460.0,464.3,8118855,0
2024-03-14 00:00:00+05:30,463.0,465.6,453.25,458.3,10111785,0
2024-03-15 00:00:00+05:30,458.8,463.0,450.2,453.35,7257360,0
2024-03-18 00:00:00+05:30,453.0,466.6,452.95,461.8,5870405,0
2024-03-19 00:00:00+05:30,464.6,468.6,455.5,457.4,6619825,0
2024-03-20 00:00:00+05:30,458.0,465.6,456.0,462.85,4526425,0
2024-03-21 00:00:00+05:30,464.55,471.0,458.0,462.15,8698620,0
2024-03-22 00:00:00+05:30,467.8,471.75,461.05,466.15,6367775,0
2024-03-26 00:00:00+05:30,456.2,477.9,456.0,474.5,10693585,0
2024-03-27 00:00:00+05:30,482.0,486.0,469.0,477.25,77232200,0
2024-03-28 00:00:00+05:30,474.8,478.9,467.65,471.95,11625440,0
2024-04-01 00:00:00+05:30,474.2,487.4,473.2,486.35,4228910,0
2024-04-02 00:00:00+05:30,486.0,494.25,486.0,493.2,4433110,0
2024-04-03 00:00:00+05:30,495.4,513.35,491.75,511.3,11588495,0
2024-04-04 00:00:00+05:30,515.0,515.0,497.2,499.85,7019985,0
2024-04-05 00:00:00+05:30,502.1,506.4,499.6,503.75,3253480,0
2024-04-08 00:00:00+05:30,508.6,516.05,505.4,513.85,3678905,0
2024-04-09 00:00:00+05:30,518.0,521.15,504.6,510.1,4766875,0
2024-04-10 00:00:00+05:30,512.0,513.25,503.9,505.6,3504425,0
2024-04-12 00:00:00+05:30,504.0,504.0,495.8,497.1,4144555,0
2024-04-15 00:00:00+05:30,498.6,498.6,481.6,482.95,4750690,0
2024-04-16 00:00:00+05:30,480.0,484.8,473.65,480.15,4033025,0
2024-04-18 00:00:00+05:30,484.0,488.45,472.2,474.3,6791185,0
2024-04-19 00:00:00+05:30,469.95,475.75,465.0,473.3,4797160,0
2024-04-22 00:00:00+05:30,478.0,486.45,474.8,484.95,3489700,0
2024-04-23 00:00:00+05:30,488.4,491.3,483.4,485.4,2892585,0
2024-04-24 00:00:00+05:30,485.4,496.35,483.6,492.2,8459300,0
2024-04-25 00:00:00+05:30,491.8,500.85,484.45,498.35,14587660,0
2024-04-26 00:00:00+05:30,502.5,507.4,467.4,499.7,20810260,0
2024-04-29 00:00:00+05:30,514.0,515.4,486.05,498.45,11904615,0
2024-04-30 00:00:00+05:30,498.6,515.75,496.8,510.35,13426225,0
2024-05-02 00:00:00+05:30,509.3,519.8,507.0,516.4,9243475,0
2024-05-03 00:00:00+05:30,520.0,531.6,515.05,517.7,7622145,0
2024-05-06 00:00:00+05:30,520.0,521.8,499.75,509.5,4326785,0
2024-05-07 00:00:00+05:30,509.5,513.0,488.35,497.15,7825870,0
2024-05-08 00:00:00+05:30,496.7,499.6,486.55,489.6,7324775,0
2024-05-09 00:00:00+05:30,489.6,494.85,470.85,472.2,4104015,0
2024-05-10 00:00:00+05:30,474.8,481.35,466.2,468.85,10984650,0
2024-05-13 00:00:00+05:30,469.0,470.95,455.75,460.35,8390345,0
2024-05-14 00:00:00+05:30,469.0,483.55,463.35,466.05,12376035,0
2024-05-15 00:00:00+05:30,467.6,468.4,460.6,464.0,4269680,0
2024-05-16 00:00:00+05:30,467.4,469.15,453.0,467.75,12445545,0
2024-05-17 00:00:00+05:30,468.8,477.35,464.2,474.3,4729135,0
2024-05-18 00:00:00+05:30,475.95,479.0,471.0,474.1,297260,0
2024-05-21 00:00:00+05:30,474.0,477.9,469.75,474.65,3935580,0
2024-05-22 00:00:00+05:30,474.65,475.95,466.4,467.35,3465540,0
2024-05-23 00:00:00+05:30,469.2,481.95,465.7,480.1,5512760,0
2024-05-24 00:00:00+05:30,479.95,485.8,472.55,479.5,4877325,0
2024-05-27 00:00:00+05:30,482.0,484.7,475.2,476.0,3398210,0
2024-05-28 00:00:00+05:30,478.0,486.6,475.0,478.75,6493910,0
2024-05-29 00:00:00+05:30,475.0,479.55,471.6,474.95,2197930,0
2024-05-30 00:00:00+05:30,473.2,476.0,458.4,460.55,6688165,0
2024-05-31 00:00:00+05:30,463.8,477.45,462.75,470.8,12916455,0
2024-06-03 00:00:00+05:30,490.0,509.4,485.05,501.85,15161795,0
2024-06-04 00:00:00+05:30,508.0,508.0,438.6,452.15,17788625,0
2024-06-05 00:00:00+05:30,448.4,479.6,446.0,477.5,7114095,0
2024-06-06 00:00:00+05:30,486.0,507.0,480.0,494.95,10501485,0
2024-06-07 00:00:00+05:30,495.85,501.4,492.0,499.6,3706890,0
2024-06-10 00:00:00+05:30,502.0,510.5,497.05,503.8,4849020,0
2024-06-11 00:00:00+05:30,503.0,510.4,498.0,506.6,4681350,0
2024-06-12 00:00:00+05:30,506.95,516.7,506.1,513.4,3510365,0
2024-06-13 00:00:00+05:30,518.4,539.55,516.2,536.85,10022455,0
2024-06-14 00:00:00+05:30,542.4,549.4,539.0,546.45,15318425,0
2024-06-18 00:00:00+05:30,549.8,568.25,546.45,565.95,12393205,0
2024-06-19 00:00:00+05:30,565.95,566.2,552.0,558.25,9175135,0
2024-06-20 00:00:00+05:30,560.9,570.9,552.95,561.05,6948810,0
2024-06-21 00:00:00+05:30,562.0,568.4,559.0,564.35,9672340,0
2024-06-24 00:00:00+05:30,563.85,578.0,555.95,576.45,5367855,0
2024-06-25 00:00:00+05:30,576.65,600.0,572.35,597.95,15844875,0
2024-06-26 00:00:00+05:30,597.15,611.9,591.7,597.8,9032225,0
2024-06-27 00:00:00+05:30,597.4,599.35,584.8,590.2,12298175,0
2024-06-28 00:00:00+05:30,590.2,593.85,580.0,582.3,6005455,0
2024-07-01 00:00:00+05:30,580.4,588.4,580.4,584.85,6673330,0
2024-07-02 00:00:00+05:30,585.4,588.0,563.15,565.0,12638725,0
2024-07-03 00:00:00+05:30,568.0,577.0,561.1,570.1,7945600,0
2024-07-04 00:00:00+05:30,573.6,573.6,564.0,566.75,3958315,0
2024-07-05 00:00:00+05:30,567.0,574.45,562.85,573.15,6163345,0
2024-07-08 00:00:00+05:30,571.2,571.2,559.2,561.6,4065755,0
2024-07-09 00:00:00+05:30,561.8,562.8,555.05,558.4,6359760,0
2024-07-10 00:00:00+05:30,558.8,560.95,541.0,552.4,8300735,0
2024-07-11 00:00:00+05:30,552.4,557.1,542.85,547.8,5689115,0
2024-07-12 00:00:00+05:30,550.0,572.0,550.0,558.9,9030805,0
2024-07-15 00:00:00+05:30,562.6,577.8,561.45,576.45,7400215,0
2024-07-16 00:00:00+05:30,577.4,580.0,560.4,562.7,4907090,0
2024-07-18 00:00:00+05:30,555.4,574.8,555.4,573.45,4119020,0
2024-07-19 00:00:00+05:30,572.0,575.15,557.85,562.15,3677715,0
2024-07-22 00:00:00+05:30,560.0,569.6,552.8,565.5,2717785,0
2024-07-23 00:00:00+05:30,565.4,565.4,532.7,547.85,12227465,0
2024-07-24 00:00:00+05:30,547.8,552.0,533.05,544.85,5130575,0
2024-07-25 00:00:00+05:30,539.9,542.0,527.1,535.8,10445410,0
2024-07-26 00:00:00+05:30,541.15,608.8,538.0,585.0,32196680,0
2024-07-29 00:00:00+05:30,594.0,607.15,581.0,588.6,12753435,0
2024-07-30 00:00:00+05:30,588.6,596.3,578.4,582.4,9486875,0
2024-07-31 00:00:00+05:30,586.8,589.4,583.2,586.4,4655790,0
2024-08-01 00:00:00+05:30,586.6,599.8,584.0,597.85,8859720,0
2024-08-02 00:00:00+05:30,589.0,604.6,584.0,598.4,8905205,0
2024-08-05 00:00:00+05:30,575.2,588.35,561.6,578.3,9480440,0
2024-08-06 00:00:00+05:30,584.05,588.1,565.0,567.35,5917390,0
2024-08-07 00:00:00+05:30,578.0,586.4,574.1,585.0,3986695,0
2024-08-08 00:00:00+05:30,584.0,584.0,571.7,574.45,4434050,0
2024-08-09 00:00:00+05:30,582.0,594.65,576.0,591.6,4568775,0
2024-08-12 00:00:00+05:30,590.0,603.0,585.5,595.2,5709795,0
2024-08-13 00:00:00+05:30,596.0,599.1,572.1,578.25,7249815,0
2024-08-14 00:00:00+05:30,580.2,583.3,572.8,579.0,3626125,0
2024-08-16 00:00:00+05:30,582.6,598.4,580.4,596.3,4976095,0
2024-08-19 00:00:00+05:30,605.6,617.0,602.6,615.1,9092170,0
2024-08-20 00:00:00+05:30,623.6,635.4,610.45,631.95,12149555,0
2024-08-21 00:00:00+05:30,628.0,638.0,623.35,631.8,5227030,0
2024-08-22 00:00:00+05:30,633.0,633.4,624.65,628.7,4610695,0
2024-08-23 00:00:00+05:30,632.0,632.45,623.55,625.3,2466965,0
2024-08-26 00:00:00+05:30,628.0,635.95,622.2,632.45,3366050,0
2024-08-27 00:00:00+05:30,630.8,653.8,623.2,645.9,9915805,0
2024-08-28 00:00:00+05:30,645.0,649.6,638.35,640.35,3352220,0
2024-08-29 00:00:00+05:30,639.8,652.4,634.9,640.1,5976425,0
2024-08-30 00:00:00+05:30,640.15,644.9,635.4,640.9,11026125,0
2024-09-02 00:00:00+05:30,644.0,651.7,642.8,645.05,3165735,0
2024-09-03 00:00:00+05:30,642.2,656.6,638.0,654.3,7181415,0
2024-09-04 00:00:00+05:30,647.4,656.4,645.2,648.8,3467420,0
2024-09-05 00:00:00+05:30,649.4,658.8,645.85,649.1,3368300,0
2024-09-06 00:00:00+05:30,650.8,653.4,644.05,647.15,3058060,0
2024-09-09 00:00:00+05:30,658.0,664.65,643.2,663.15,8095085,0
2024-09-10 00:00:00+05:30,665.6,667.6,646.05,652.0,6190070,0
2024-09-11 00:00:00+05:30,653.0,659.6,650.8,656.0,2946285,0
2024-09-12 00:00:00+05:30,660.0,682.5,659.1,680.15,9163615,0
2024-09-13 00:00:00+05:30,679.95,685.0,673.0,673.65,4786700,0
2024-09-16 00:00:00+05:30,675.6,687.95,672.5,683.8,4724820,0
2024-09-17 00:00:00+05:30,683.0,693.35,681.5,684.9,8030320,0
2024-09-18 00:00:00+05:30,688.9,718.0,688.0,714.95,10582475,0
2024-09-19 00:00:00+05:30,714.3,724.75,700.0,705.05,6428925,0
2024-09-20 00:00:00+05:30,707.8,717.2,703.4,706.4,6407140,0
2024-09-23 00:00:00+05:30,710.2,722.4,708.0,713.55,2935070,0
2024-09-24 00:00:00+05:30,716.3,716.3,700.4,703.25,6681865,0
2024-09-25 00:00:00+05:30,703.25,707.95,691.6,704.8,3801635,0
2024-09-26 00:00:00+05:30,707.4,727.4,705.9,725.7,5359390,0
2024-09-27 00:00:00+05:30,723.6,730.45,719.15,724.2,4967200,0
2024-09-30 00:00:00+05:30,722.8,729.0,713.6,715.4,4405700,0
2024-10-01 00:00:00+05:30,715.4,725.55,711.55,714.1,3381135,0
2024-10-03 00:00:00+05:30,714.0,715.0,680.0,681.9,8036680,0
2024-10-04 00:00:00+05:30,681.4,682.9,663.1,667.25,8827525,0
2024-10-07 00:00:00+05:30,673.95,682.6,651.2,659.85,5480765,0
2024-10-08 00:00:00+05:30,655.6,674.6,655.6,665.85,9122180,0
2024-10-09 00:00:00+05:30,670.9,696.0,668.0,677.6,6569580,0
2024-10-10 00:00:00+05:30,680.0,683.2,665.2,667.55,3740385,0
2024-10-11 00:00:00+05:30,670.0,671.6,661.6,668.25,1799620,0
2024-10-14 00:00:00+05:30,673.6,686.0,670.75,679.05,3844085,0
2024-10-15 00:00:00+05:30,684.0,687.7,673.7,680.25,5209855,0
2024-10-16 00:00:00+05:30,683.4,684.4,673.4,678.1,1607350,0
2024-10-17 00:00:00+05:30,675.8,677.2,649.2,651.7,8237815,0
2024-10-18 00:00:00+05:30,637.55,674.8,629.15,668.95,9380205,0
2024-10-21 00:00:00+05:30,671.4,676.7,654.4,662.65,5627980,0
2024-10-22 00:00:00+05:30,662.65,678.2,648.0,650.9,19691260,0
2024-10-23 00:00:00+05:30,640.0,652.1,634.0,639.55,9660305,0
2024-10-24 00:00:00+05:30,638.0,653.2,637.1,649.0,7501270,0
2024-10-25 00:00:00+05:30,650.85,650.85,605.6,618.55,15251890,0
2024-10-28 00:00:00+05:30,632.8,668.85,628.8,651.85,21602980,0
2024-10-29 00:00:00+05:30,648.4,657.15,632.5,653.15,10906400,0
2024-10-30 00:00:00+05:30,643.4,651.95,635.4,637.15,6964385,0
2024-10-31 00:00:00+05:30,637.0,637.0,617.5,627.8,8075010,0
2024-11-01 00:00:00+05:30,631.8,632.8,628.0,630.2,286730,0
2024-11-04 00:00:00+05:30,631.1,633.95,621.8,629.6,4842960,0
2024-11-05 00:00:00+05:30,631.5,635.2,611.0,632.45,7606175,0
2024-11-06 00:00:00+05:30,637.4,640.0,627.25,637.35,4294660,0
2024-11-07 00:00:00+05:30,638.8,638.8,611.6,614.05,5846920,0
2024-11-08 00:00:00+05:30,617.0,617.0,599.4,601.6,3851745,0
2024-11-11 00:00:00+05:30,602.0,611.4,591.55,599.9,4101875,0
2024-11-12 00:00:00+05:30,602.9,605.05,584.55,586.25,5430660,0
2024-11-13 00:00:00+05:30,586.1,586.1,567.85,570.75,6755505,0
2024-11-14 00:00:00+05:30,570.55,573.4,556.6,564.5,7172685,0
2024-11-18 00:00:00+05:30,564.5,573.35,560.0,569.65,4841895,0
2024-11-19 00:00:00+05:30,569.6,573.2,560.35,564.95,5942545,0
2024-11-21 00:00:00+05:30,567.2,567.4,553.6,560.45,4777400,0
2024-11-22 00:00:00+05:30,550.0,573.0,549.1,570.0,8194990,0
2024-11-25 00:00:00+05:30,585.4,603.0,585.4,589.55,13791540,0
2024-11-26 00:00:00+05:30,592.95,615.85,589.8,609.25,10105100,0
2024-11-27 00:00:00+05:30,605.8,613.35,601.45,603.8,4064750,0
2024-11-28 00:00:00+05:30,608.0,615.0,598.25,608.75,12057145,0
2024-11-29 00:00:00+05:30,611.5,613.3,598.45,603.95,5600545,0
2024-12-02 00:00:00+05:30,603.95,622.95,602.15,618.85,5433440,0
2024-12-03 00:00:00+05:30,626.2,641.4,625.0,631.1,9872220,0
2024-12-04 00:00:00+05:30,629.1,634.7,623.95,626.45,5743725,0
2024-12-05 00:00:00+05:30,630.5,631.8,614.6,625.25,7117350,0
2024-12-06 00:00:00+05:30,625.4,629.65,618.7,625.25,3193785,0
2024-12-09 00:00:00+05:30,620.1,632.65,619.1,621.4,3963995,0
2024-12-10 00:00:00+05:30,625.1,639.45,621.8,637.3,5630900,0
2024-12-11 00:00:00+05:30,639.1,653.5,635.6,649.65,7350105,0
2024-12-12 00:00:00+05:30,647.9,653.0,644.3,649.6,5108345,0
2024-12-13 00:00:00+05:30,648.4,650.95,623.5,632.5,6003130,0
2024-12-16 00:00:00+05:30,634.8,639.4,625.4,627.5,2943305,0
2024-12-17 00:00:00+05:30,627.0,627.0,593.05,595.4,10413170,0
2024-12-18 00:00:00+05:30,595.4,606.6,581.75,586.3,7447675,0
2024-12-19 00:00:00+05:30,574.0,590.5,570.65,589.1,7354675,0
2024-12-20 00:00:00+05:30,590.65,592.15,568.75,575.45,12499100,0
2024-12-23 00:00:00+05:30,581.2,590.8,574.55,576.6,4691250,0
2024-12-24 00:00:00+05:30,576.6,579.5,571.0,576.6,2020780,0
2024-12-26 00:00:00+05:30,578.45,587.2,574.25,585.4,4462340,0
2024-12-27 00:00:00+05:30,587.4,587.95,578.1,579.8,1524915,0
2024-12-30 00:00:00+05:30,582.55,593.75,579.05,583.8,3452720,0
2024-12-31 00:00:00+05:30,579.6,582.55,576.2,577.85,4075070,0
2025-01-01 00:00:00+05:30,579.8,586.2,576.6,583.75,1297175,0
2025-01-02 00:00:00+05:30,587.45,613.8,586.3,612.0,7297085,0
2025-01-03 00:00:00+05:30,612.0,619.6,607.25,609.65,3652225,0
2025-01-06 00:00:00+05:30,606.2,616.25,591.0,593.9,5430225,0
2025-01-07 00:00:00+05:30,595.4,604.4,590.0,591.7,2781710,0
2025-01-08 00:00:00+05:30,594.0,594.0,568.15,579.75,4976035,0
2025-01-09 00:00:00+05:30,580.75,584.85,560.2,561.95,5408205,0
2025-01-10 00:00:00+05:30,566.0,566.0,529.0,532.0,5999299,0
2025-01-13 00:00:00+05:30,530.05,540.7,518.75,521.1,5558523,0
2025-01-14 00:00:00+05:30,526.95,547.5,518.3,544.1,6987503,0
2025-01-15 00:00:00+05:30,545.0,545.95,529.1,533.2,4072535,0
2025-01-16 00:00:00+05:30,535.55,553.75,535.55,546.8,6194466,0
2025-01-17 00:00:00+05:30,546.55,547.55,523.85,526.5,5347916,0
2025-01-20 00:00:00+05:30,511.0,521.5,493.35,516.7,12701612,0
2025-01-21 00:00:00+05:30,518.0,530.75,513.45,520.3,7753705,0
2025-01-22 00:00:00+05:30,520.35,528.35,513.05,518.65,5895189,0
2025-01-23 00:00:00+05:30,518.65,533.45,511.6,529.8,5150004,0
2025-01-24 00:00:00+05:30,531.95,541.8,509.15,527.45,7602501,0
2025-01-27 00:00:00+05:30,525.9,530.65,508.15,511.65,8523575,0
2025-01-28 00:00:00+05:30,520.05,541.8,508.6,530.1,16222471,0
2025-01-29 00:00:00+05:30,531.15,555.65,530.25,553.5,9135552,0
2025-01-30 00:00:00+05:30,553.5,560.0,536.85,538.3,7172857,0
2025-01-31 00:00:00+05:30,546.4,550.9,536.2,543.75,4058608,0
2025-02-01 00:00:00+05:30,547.9,549.65,518.0,530.7,3871262,0
2025-02-03 00:00:00+05:30,525.0,558.0,516.0,546.15,7442129,0
2025-02-04 00:00:00+05:30,556.0,579.9,545.4,576.75,12290382,0
2025-02-05 00:00:00+05:30,577.0,590.8,568.4,571.3,6953215,0
2025-02-06 00:00:00+05:30,570.0,570.0,554.35,566.35,6345455,0
2025-02-07 00:00:00+05:30,567.9,579.1,554.85,559.55,5747620,0
2025-02-10 00:00:00+05:30,561.7,566.6,546.5,560.8,4253881,0
2025-02-11 00:00:00+05:30,566.0,566.0,534.0,538.55,6416783,0
2025-02-12 00:00:00+05:30,538.55,551.5,527.0,547.15,5467745,0
2025-02-13 00:00:00+05:30,547.0,560.25,538.0,548.65,5723009,0
2025-02-14 00:00:00+05:30,550.95,554.95,526.8,539.15,6763071,0
2025-02-17 00:00:00+05:30,537.0,553.0,525.1,550.35,4397756,0
2025-02-18 00:00:00+05:30,550.95,554.45,539.1,553.35,2988732,0
2025-02-19 00:00:00+05:30,547.8,559.75,546.5,557.8,4066886,0
2025-02-20 00:00:00+05:30,557.0,582.25,557.0,580.85,7590778,0
2025-02-21 00:00:00+05:30,580.85,594.7,576.7,585.1,9328402,0
2025-02-24 00:00:00+05:30,576.0,581.75,568.8,577.2,4523171,0
2025-02-25 00:00:00+05:30,581.8,586.75,571.5,574.25,6222936,0
2025-02-27 00:00:00+05:30,581.3,608.8,580.3,606.8,17099035,0
2025-02-28 00:00:00+05:30,609.95,620.0,602.25,617.3,23771834,0
2025-03-03 00:00:00+05:30,625.3,630.0,614.9,621.3,10284029,0
2025-03-04 00:00:00+05:30,618.6,635.4,613.4,632.9,5369562,0
2025-03-05 00:00:00+05:30,626.6,637.5,621.5,631.3,9532495,0
2025-03-06 00:00:00+05:30,638.8,650.8,637.0,644.35,8075827,0
2025-03-07 00:00:00+05:30,644.35,647.65,627.45,630.85,5829062,0
2025-03-10 00:00:00+05:30,631.55,641.5,622.85,625.6,4906168,0
2025-03-11 00:00:00+05:30,624.2,640.0,615.55,638.25,6734891,0
2025-03-12 00:00:00+05:30,639.0,647.25,629.1,636.95,5378060,0
2025-03-13 00:00:00+05:30,638.0,644.0,617.5,619.55,5273706,0
2025-03-17 00:00:00+05:30,613.4,629.5,613.4,623.25,4548325,0
2025-03-18 00:00:00+05:30,630.0,645.7,626.05,642.3,6915463,0
2025-03-19 00:00:00+05:30,645.7,677.6,637.65,667.95,9823834,0
2025-03-20 00:00:00+05:30,690.0,695.0,665.0,667.9,8747482,0
2025-03-21 00:00:00+05:30,669.05,679.0,667.65,676.8,6365496,0
2025-03-24 00:00:00+05:30,677.0,694.9,674.0,682.0,4983671,0
2025-03-25 00:00:00+05:30,688.0,688.0,667.7,678.35,5257157,0
2025-03-26 00:00:00+05:30,678.8,680.9,669.25,672.0,4792266,0
2025-03-27 00:00:00+05:30,670.0,684.4,666.2,678.5,4628163,0
2025-03-28 00:00:00+05:30,682.0,685.0,650.15,656.0,6806264,0
2025-04-01 00:00:00+05:30,652.0,653.9,633.9,637.45,7600903,0
2025-04-02 00:00:00+05:30,640.0,644.0,630.5,639.4,4387926,0
2025-04-03 00:00:00+05:30,633.0,660.55,632.0,654.15,3704676,0
2025-04-04 00:00:00+05:30,655.5,665.0,649.5,653.6,5191619,0
2025-04-07 00:00:00+05:30,596.0,629.95,589.25,614.0,15188995,0
2025-04-08 00:00:00+05:30,623.7,648.3,623.05,641.45,10415072,0
2025-04-09 00:00:00+05:30,647.95,647.95,619.0,624.55,9235529,0
2025-04-11 00:00:00+05:30,627.0,648.65,627.0,638.8,7102851,0
2025-04-15 00:00:00+05:30,651.95,674.55,649.15,672.0,6085948,0
2025-04-16 00:00:00+05:30,672.65,678.0,662.45,676.05,6571065,0
2025-04-17 00:00:00+05:30,677.0,695.65,668.55,691.75,5771289,0
2025-04-21 00:00:00+05:30,698.75,717.5,690.5,703.0,6740583,0
2025-04-22 00:00:00+05:30,703.0,709.95,700.0,703.5,3672514,0
2025-04-23 00:00:00+05:30,709.5,713.8,685.9,703.9,5442424,0
2025-04-24 00:00:00+05:30,704.0,705.5,694.5,696.65,5010172,0
2025-04-25 00:00:00+05:30,698.9,705.6,635.0,655.2,9784886,0
2025-04-28 00:00:00+05:30,622.7,630.4,596.15,622.0,32221482,0
2025-04-29 00:00:00+05:30,625.0,630.8,610.2,614.7,10387632,0
2025-04-30 00:00:00+05:30,614.7,621.8,606.5,611.7,7374108,0
2025-05-02 00:00:00+05:30,611.7,616.3,599.5,604.2,9193181,0
2025-05-05 00:00:00+05:30,610.15,630.9,607.2,628.85,8616953,0
2025-05-06 00:00:00+05:30,628.8,631.85,617.05,623.45,5098276,0
2025-05-07 00:00:00+05:30,618.2,638.0,617.25,636.65,5983998,0
2025-05-08 00:00:00+05:30,635.0,640.8,607.0,615.8,10052396,0
2025-05-09 00:00:00+05:30,600.0,612.35,596.65,601.45,5637324,0
2025-05-12 00:00:00+05:30,611.05,648.0,611.0,645.95,9560644,0
2025-05-13 00:00:00+05:30,641.6,647.8,631.95,633.6,5748439,0
2025-05-14 00:00:00+05:30,639.5,655.3,637.6,651.95,9324793,0
2025-05-15 00:00:00+05:30,654.8,679.95,644.15,674.8,9817422,0
2025-05-16 00:00:00+05:30,674.0,674.8,660.05,665.5,5415727,0
2025-05-19 00:00:00+05:30,670.0,683.9,666.0,677.8,4356035,0
2025-05-20 00:00:00+05:30,682.05,682.05,656.2,658.35,7035801,0
2025-05-21 00:00:00+05:30,658.35,661.65,638.7,658.0,7986603,0
2025-05-22 00:00:00+05:30,652.0,654.7,640.3,649.75,6840583,0
2025-05-23 00:00:00+05:30,651.0,663.6,646.15,659.85,3128629,0
2025-05-26 00:00:00+05:30,664.85,667.8,652.1,664.5,2963171,0
2025-05-27 00:00:00+05:30,667.8,670.0,657.0,661.9,2493252,0
2025-05-28 00:00:00+05:30,661.9,663.9,654.0,655.7,3244100,0
2025-05-29 00:00:00+05:30,655.7,659.7,648.1,652.25,4173868,0
2025-05-30 00:00:00+05:30,643.1,654.95,637.25,639.35,6693573,0
2025-06-02 00:00:00+05:30,638.3,647.9,625.0,642.55,4344402,0
2025-06-03 00:00:00+05:30,648.0,658.75,642.1,648.25,5336167,0
2025-06-04 00:00:00+05:30,649.95,661.85,640.0,641.2,6290382,0
2025-06-05 00:00:00+05:30,647.0,654.8,638.1,651.45,4542850,0
2025-06-06 00:00:00+05:30,654.0,690.9,644.3,688.25,20115034,0
2025-06-09 00:00:00+05:30,700.0,715.9,692.25,698.0,11413586,0
2025-06-10 00:00:00+05:30,705.0,705.95,690.7,700.4,6453133,0
2025-06-11 00:00:00+05:30,702.1,702.1,684.35,686.05,4586055,0
2025-06-12 00:00:00+05:30,689.0,690.0,666.6,668.05,4970089,0
2025-06-13 00:00:00+05:30,651.85,670.35,643.5,667.15,4687026,0
2025-06-16 00:00:00+05:30,669.0,681.25,668.6,676.15,6882573,0
2025-06-17 00:00:00+05:30,679.8,679.8,662.0,665.0,2390137,0
2025-06-18 00:00:00+05:30,663.05,673.5,659.15,662.1,3352972,0
2025-06-19 00:00:00+05:30,660.75,669.0,648.0,652.2,3342726,0
2025-06-20 00:00:00+05:30,652.0,670.9,650.5,666.35,7441267,0
2025-06-23 00:00:00+05:30,661.8,666.2,648.3,661.65,4243520,0
2025-06-24 00:00:00+05:30,674.0,682.0,673.4,676.05,4823566,0
2025-06-25 00:00:00+05:30,676.05,678.0,671.0,675.1,3211981,0
2025-06-26 00:00:00+05:30,675.15,707.55,674.25,703.2,19068571,0
2025-06-27 00:00:00+05:30,703.05,706.9,696.6,699.95,7554681,0
2025-06-30 00:00:00+05:30,700.0,714.0,699.9,706.85,3721603,0
2025-07-01 00:00:00+05:30,708.0,710.55,694.0,696.45,3524637,0
2025-07-02 00:00:00+05:30,695.75,698.85,675.0,676.9,3288839,0
2025-07-03 00:00:00+05:30,681.6,684.25,672.95,675.4,6014549,0
2025-07-04 00:00:00+05:30,675.95,684.4,670.0,676.15,3843226,0
2025-07-07 00:00:00+05:30,676.15,680.0,669.0,671.3,1770086,0
2025-07-08 00:00:00+05:30,672.0,677.4,667.3,668.95,2820100,0
2025-07-09 00:00:00+05:30,671.25,683.0,671.0,681.05,3560120,0
2025-07-10 00:00:00+05:30,684.0,687.35,671.0,671.75,3035156,0
2025-07-11 00:00:00+05:30,676.0,676.7,662.4,668.25,4931083,0
2025-07-14 00:00:00+05:30,670.0,672.9,662.5,669.75,2832157,0
2025-07-15 00:00:00+05:30,674.9,688.0,670.7,684.45,3786182,0
2025-07-16 00:00:00+05:30,674.0,674.0,654.5,668.35,9358644,0
2025-07-17 00:00:00+05:30,670.0,672.0,664.85,665.45,2671888,0
2025-07-18 00:00:00+05:30,670.0,670.5,644.5,645.5,6570609,0
2025-07-21 00:00:00+05:30,645.5,658.0,637.5,655.65,4980207,0
2025-07-22 00:00:00+05:30,658.0,659.9,639.0,640.15,4671422,0
2025-07-23 00:00:00+05:30,642.0,654.75,638.05,654.05,5191770,0
2025-07-24 00:00:00+05:30,660.0,660.0,631.75,633.55,7248079,0
2025-07-25 00:00:00+05:30,625.0,629.95,601.7,615.85,16922561,0
2025-07-28 00:00:00+05:30,615.85,638.85,611.05,633.45,11583112,0
2025-07-29 00:00:00+05:30,632.0,643.35,626.55,638.35,6858651,0
2025-07-30 00:00:00+05:30,635.0,638.35,626.1,632.8,6024759,0
2025-07-31 00:00:00+05:30,625.0,639.45,623.05,630.85,6481051,0
2025-08-01 00:00:00+05:30,630.0,632.0,612.25,614.2,3528632,0
2025-08-04 00:00:00+05:30,615.9,626.8,615.9,624.9,2955463,0
2025-08-05 00:00:00+05:30,630.5,633.2,621.15,630.1,3996694,0
2025-08-06 00:00:00+05:30,634.0,639.8,622.4,630.6,4763826,0
2025-08-07 00:00:00+05:30,626.85,629.8,618.3,627.35,3482599,0
2025-08-08 00:00:00+05:30,623.3,626.85,607.95,609.65,5493423,0
2025-08-11 00:00:00+05:30,610.45,623.5,609.15,617.6,3348109,0
2025-08-12 00:00:00+05:30,616.0,619.0,611.0,611.9,2787285,0
2025-08-13 00:00:00+05:30,612.05,621.35,610.35,619.25,5325700,0
2025-08-14 00:00:00+05:30,614.3,622.9,611.5,616.45,4279172,0
2025-08-18 00:00:00+05:30,627.0,637.5,625.45,626.8,5265058,0
2025-08-19 00:00:00+05:30,626.0,630.55,615.1,626.35,4765094,0
2025-08-20 00:00:00+05:30,623.35,624.95,613.3,616.3,5710611,0
2025-08-21 00:00:00+05:30,618.0,622.0,615.8,619.8,3993795,0
2025-08-22 00:00:00+05:30,619.8,622.0,612.55,615.85,3496256,0
2025-08-25 00:00:00+05:30,620.0,623.8,616.4,620.85,6850166,0
2025-08-26 00:00:00+05:30,619.9,620.45,593.1,594.7,18048586,0
2025-08-28 00:00:00+05:30,576.75,587.95,570.0,571.65,20025147,0
2025-08-29 00:00:00+05:30,570.5,588.65,566.5,580.25,12236788,0
2025-09-01 00:00:00+05:30,580.0,590.2,578.6,588.6,3886326,0
2025-09-02 00:00:00+05:30,590.0,596.4,582.25,584.6,4136915,0
2025-09-03 00:00:00+05:30,585.0,588.9,580.0,586.3,6612194,0
2025-09-04 00:00:00+05:30,596.0,596.0,583.9,585.8,5054056,0
2025-09-05 00:00:00+05:30,589.0,596.0,585.6,592.5,4166734,0
2025-09-08 00:00:00+05:30,596.0,604.0,592.85,596.75,2968301,0
2025-09-09 00:00:00+05:30,598.0,598.95,590.85,595.0,3947645,0
2025-09-10 00:00:00+05:30,598.6,606.8,596.7,604.8,4708224,0
2025-09-11 00:00:00+05:30,604.8,622.9,602.8,620.05,8412580,0
2025-09-12 00:00:00+05:30,623.2,633.7,619.25,632.85,10816255,0
2025-09-15 00:00:00+05:30,630.8,631.6,620.2,623.65,3643666,0
2025-09-16 00:00:00+05:30,623.65,628.4,614.1,618.1,4759255,0
2025-09-17 00:00:00+05:30,620.0,626.0,617.75,623.25,4633747,0
2025-09-18 00:00:00+05:30,620.0,631.0,620.0,626.9,4675034,0
2025-09-19 00:00:00+05:30,630.0,637.3,627.1,633.2,6415748,0
2025-09-22 00:00:00+05:30,638.0,638.0,625.45,627.85,2712596,0
2025-09-23 00:00:00+05:30,628.0,634.4,624.5,628.8,3586451,0
2025-09-24 00:00:00+05:30,628.2,630.0,620.3,625.15,2129098,0
2025-09-25 00:00:00+05:30,625.15,626.0,610.8,612.7,4280161,0
2025-09-26 00:00:00+05:30,610.0,617.4,603.75,606.05,3958021,0
2025-09-29 00:00:00+05:30,608.9,615.5,603.15,611.8,4098133,0
2025-09-30 00:00:00+05:30,611.8,620.7,611.15,616.1,5882401,0
